SourceFile,CreateDate
/Users/eddiedickey/Feb2020/Movies/Carrie.fcpbundle/Valentines Day Stow Lake/Transcoded Media/High Quality Media/HDV_0289.mov,2015:03:14 06:00:00
/Users/eddiedickey/Feb2020/Movies/Carrie.fcpbundle/Valentines Day Stow Lake/Original Media/HDV_0289.mp4,2015:02:14 13:52:48
/Users/eddiedickey/Feb2020/Movies/Carrie.fcpbundle/Carmel/Transcoded Media/High Quality Media/HDV_0253.mov,2015:01:21 04:38:34
/Users/eddiedickey/Feb2020/Movies/Carrie.fcpbundle/Carmel/Transcoded Media/High Quality Media/HDV_0252.mov,2015:01:21 04:36:15
/Users/eddiedickey/Feb2020/Movies/Carrie.fcpbundle/Carmel/Transcoded Media/High Quality Media/HDV_0250.mov,2015:01:21 04:35:24
/Users/eddiedickey/Feb2020/Movies/Carrie.fcpbundle/Carmel/Transcoded Media/High Quality Media/HDV_0251.mov,2015:01:21 04:38:17
/Users/eddiedickey/Feb2020/Movies/Carrie.fcpbundle/Carmel/Transcoded Media/High Quality Media/HDV_0254.mov,2015:01:21 04:37:22
/Users/eddiedickey/Feb2020/Movies/Carrie.fcpbundle/Carmel/Original Media/HDV_0250.mp4,2015:01:17 11:09:45
/Users/eddiedickey/Feb2020/Movies/Carrie.fcpbundle/Carmel/Original Media/HDV_0251.mp4,2015:01:17 11:11:18
/Users/eddiedickey/Feb2020/Movies/Carrie.fcpbundle/Carmel/Original Media/HDV_0253.mp4,2015:01:18 23:09:49
/Users/eddiedickey/Feb2020/Movies/Carrie.fcpbundle/Carmel/Original Media/HDV_0252.mp4,2015:01:18 01:16:21
/Users/eddiedickey/Feb2020/Movies/Carrie.fcpbundle/Carmel/Original Media/HDV_0254.mp4,2015:01:19 01:54:30
/Users/eddiedickey/Feb2020/Movies/Carrie.fcpbundle/Eric's Goodbye Party/Transcoded Media/High Quality Media/HDV_0293.mov,2015:03:14 06:01:10
/Users/eddiedickey/Feb2020/Movies/Carrie.fcpbundle/Eric's Goodbye Party/Original Media/HDV_0293.mp4,2015:02:21 15:31:08
/Users/eddiedickey/Feb2020/Movies/Carrie.fcpbundle/Houston/Transcoded Media/High Quality Media/HDV_0301.mov,2015:07:01 17:41:30
/Users/eddiedickey/Feb2020/Movies/Carrie.fcpbundle/Houston/Transcoded Media/High Quality Media/HDV_0303.mov,2015:07:01 17:49:44
/Users/eddiedickey/Feb2020/Movies/Carrie.fcpbundle/Houston/Transcoded Media/High Quality Media/HDV_0302.mov,2015:07:01 17:48:55
/Users/eddiedickey/Feb2020/Movies/Carrie.fcpbundle/Houston/Transcoded Media/High Quality Media/HDV_0309.mov,2015:07:01 17:49:23
/Users/eddiedickey/Feb2020/Movies/Carrie.fcpbundle/Houston/Original Media/HDV_0303.mp4,2015:06:13 15:38:50
/Users/eddiedickey/Feb2020/Movies/Carrie.fcpbundle/Houston/Original Media/HDV_0302.mp4,2015:06:13 09:08:18
/Users/eddiedickey/Feb2020/Movies/Carrie.fcpbundle/Houston/Original Media/HDV_0301.mp4,2015:06:13 08:29:24
/Users/eddiedickey/Feb2020/Movies/Carrie.fcpbundle/Houston/Original Media/HDV_0309.mp4,2015:06:13 17:17:43
/Users/eddiedickey/Feb2020/Movies/Carrie.fcpbundle/Sausalito Kayak/Transcoded Media/High Quality Media/HDV_0272.mov,2015:02:06 06:52:51
/Users/eddiedickey/Feb2020/Movies/Carrie.fcpbundle/Sausalito Kayak/Transcoded Media/High Quality Media/HDV_0273.mov,2015:02:06 06:50:47
/Users/eddiedickey/Feb2020/Movies/Carrie.fcpbundle/Sausalito Kayak/Transcoded Media/High Quality Media/HDV_0271.mov,2015:02:06 06:51:36
/Users/eddiedickey/Feb2020/Movies/Carrie.fcpbundle/Sausalito Kayak/Original Media/HDV_0271.mp4,2015:01:31 04:28:29
/Users/eddiedickey/Feb2020/Movies/Carrie.fcpbundle/Sausalito Kayak/Original Media/HDV_0272.mp4,2015:01:31 04:30:25
/Users/eddiedickey/Feb2020/Movies/Carrie.fcpbundle/Sausalito Kayak/Original Media/HDV_0273.mp4,2015:01:31 04:33:57
/Users/eddiedickey/Feb2020/Movies/Carrie.fcpbundle/Christmas Tree/Transcoded Media/High Quality Media/HDV_0249.mov,2014:12:16 00:36:55
/Users/eddiedickey/Feb2020/Movies/Carrie.fcpbundle/Christmas Tree/Original Media/HDV_0249.mp4,2014:12:06 08:19:20
/Users/eddiedickey/Feb2020/Movies/Carrie.fcpbundle/Thanksgiving/Transcoded Media/High Quality Media/HDV_0248.mov,2014:12:16 00:35:22
/Users/eddiedickey/Feb2020/Movies/Carrie.fcpbundle/Thanksgiving/Transcoded Media/High Quality Media/HDV_0247.mov,2014:12:16 00:32:38
/Users/eddiedickey/Feb2020/Movies/Carrie.fcpbundle/Thanksgiving/Original Media/HDV_0248.mp4,2014:11:27 11:06:00
/Users/eddiedickey/Feb2020/Movies/Carrie.fcpbundle/Thanksgiving/Original Media/HDV_0247.mp4,2014:11:27 02:00:52
/Users/eddiedickey/Feb2020/Movies/Carrie.fcpbundle/Squaw/Transcoded Media/High Quality Media/HDV_0299.mov,2015:05:12 04:27:04
/Users/eddiedickey/Feb2020/Movies/Carrie.fcpbundle/Squaw/Transcoded Media/High Quality Media/HDV_0300.mov,2015:05:12 04:26:53
/Users/eddiedickey/Feb2020/Movies/Carrie.fcpbundle/Squaw/Original Media/HDV_0299.mp4,2015:04:11 15:05:09
/Users/eddiedickey/Feb2020/Movies/Carrie.fcpbundle/Squaw/Original Media/HDV_0300.mp4,2015:04:12 09:25:01
/Users/eddiedickey/Feb2020/Movies/Sandbox.fcpbundle/10-15-14/Transcoded Media/High Quality Media/HDV_0147.mov,2014:10:16 04:45:21
/Users/eddiedickey/Feb2020/Movies/Sandbox.fcpbundle/10-15-14/Original Media/HDV_0147.mp4,2014:10:15 09:42:45
/Users/eddiedickey/Feb2020/Movies/Marin.fcpbundle/Bay Trail at House/Transcoded Media/High Quality Media/2014-05-24 07_40_12 (id).mov,2014:05:26 02:56:18
/Users/eddiedickey/Feb2020/Movies/Marin.fcpbundle/Bay Trail at House/Original Media/2014-05-24 07_40_12 (id).mov,2014:05:26 02:56:10
/Users/eddiedickey/Feb2020/Movies/Marin.fcpbundle/Tennessee Valley/Transcoded Media/High Quality Media/2014-05-25 17_20_38 (id).mov,2014:05:26 02:51:33
/Users/eddiedickey/Feb2020/Movies/Marin.fcpbundle/Tennessee Valley/Original Media/2014-05-25 17_20_38 (id).mov,2014:05:26 02:51:28
/Users/eddiedickey/Feb2020/Movies/Marin.fcpbundle/Tennessee Valley Beach/Transcoded Media/High Quality Media/2014-05-25 17_35_36 (id).mov,2014:05:26 02:53:00
/Users/eddiedickey/Feb2020/Movies/Marin.fcpbundle/Tennessee Valley Beach/Shared Items/f6FogobYQ76RoVxSnS88ZA/2014-05-25 17:35:36 (1920 x 1080).m4v,2014:05:26 04:38:28
/Users/eddiedickey/Feb2020/Movies/Marin.fcpbundle/Tennessee Valley Beach/Original Media/2014-05-25 17_35_36 (id).mov,2014:05:26 02:51:55
/Users/eddiedickey/Feb2020/Movies/Marin.fcpbundle/Lake Lagunitas/Original Media/2014-05-26 14_08_05 (id).mov,2014:05:27 02:58:11
/Users/eddiedickey/Feb2020/Movies/Marin.fcpbundle/Lake Lagunitas/Original Media/2014-05-26 14_06_59 (id).mov,2014:05:27 02:58:04
/Users/eddiedickey/Feb2020/Movies/Marin.fcpbundle/Lake Lagunitas/Original Media/2014-05-26 14_31_59 (id).mov,2014:05:27 02:59:57
/Users/eddiedickey/Feb2020/Movies/Marin.fcpbundle/Lake Lagunitas/Original Media/2014-05-26 16_13_51 (id).mov,2014:05:27 02:59:58
/Users/eddiedickey/Feb2020/Movies/Marin.fcpbundle/Lake Lagunitas/Original Media/2014-05-26 14_23_00 (id).mov,2014:05:27 02:59:39
/Users/eddiedickey/Feb2020/Movies/Marin.fcpbundle/Lake Lagunitas/Original Media/2014-05-26 14_23_49 (id).mov,2014:05:27 02:59:54
/Users/eddiedickey/Feb2020/Movies/Marin.fcpbundle/Lake Lagunitas/Original Media/2014-05-26 14_05_57 (id).mov,2014:05:27 02:57:57
/Users/eddiedickey/Feb2020/Movies/Marin.fcpbundle/Birds/Transcoded Media/High Quality Media/2014-05-24 07_45_53 (id).mov,2014:05:26 02:50:41
/Users/eddiedickey/Feb2020/Movies/Marin.fcpbundle/Birds/Original Media/2014-05-24 07_45_53 (id).mov,2014:05:26 02:50:38
/Users/eddiedickey/Feb2020/Movies/Tommy Football 2014.fcpbundle/11-02-14/Transcoded Media/High Quality Media/HDV_0239.mov,2014:11:04 02:52:12
/Users/eddiedickey/Feb2020/Movies/Tommy Football 2014.fcpbundle/11-02-14/Transcoded Media/High Quality Media/HDV_0238.mov,2014:11:04 02:49:04
/Users/eddiedickey/Feb2020/Movies/Tommy Football 2014.fcpbundle/11-02-14/Transcoded Media/High Quality Media/HDV_0217.mov,2014:11:04 02:47:54
/Users/eddiedickey/Feb2020/Movies/Tommy Football 2014.fcpbundle/11-02-14/Transcoded Media/High Quality Media/HDV_0228.mov,2014:11:04 02:45:18
/Users/eddiedickey/Feb2020/Movies/Tommy Football 2014.fcpbundle/11-02-14/Transcoded Media/High Quality Media/HDV_0229.mov,2014:11:04 02:47:59
/Users/eddiedickey/Feb2020/Movies/Tommy Football 2014.fcpbundle/11-02-14/Transcoded Media/High Quality Media/HDV_0218.mov,2014:11:04 02:50:39
/Users/eddiedickey/Feb2020/Movies/Tommy Football 2014.fcpbundle/11-02-14/Transcoded Media/High Quality Media/HDV_0230.mov,2014:11:04 02:45:21
/Users/eddiedickey/Feb2020/Movies/Tommy Football 2014.fcpbundle/11-02-14/Transcoded Media/High Quality Media/HDV_0224.mov,2014:11:04 02:37:35
/Users/eddiedickey/Feb2020/Movies/Tommy Football 2014.fcpbundle/11-02-14/Transcoded Media/High Quality Media/HDV_0225.mov,2014:11:04 02:46:31
/Users/eddiedickey/Feb2020/Movies/Tommy Football 2014.fcpbundle/11-02-14/Transcoded Media/High Quality Media/HDV_0231.mov,2014:11:04 02:48:19
/Users/eddiedickey/Feb2020/Movies/Tommy Football 2014.fcpbundle/11-02-14/Transcoded Media/High Quality Media/HDV_0219.mov,2014:11:04 02:41:33
/Users/eddiedickey/Feb2020/Movies/Tommy Football 2014.fcpbundle/11-02-14/Transcoded Media/High Quality Media/HDV_0227.mov,2014:11:04 02:51:54
/Users/eddiedickey/Feb2020/Movies/Tommy Football 2014.fcpbundle/11-02-14/Transcoded Media/High Quality Media/HDV_0233.mov,2014:11:04 02:43:50
/Users/eddiedickey/Feb2020/Movies/Tommy Football 2014.fcpbundle/11-02-14/Transcoded Media/High Quality Media/HDV_0232.mov,2014:11:04 02:51:39
/Users/eddiedickey/Feb2020/Movies/Tommy Football 2014.fcpbundle/11-02-14/Transcoded Media/High Quality Media/HDV_0226.mov,2014:11:04 02:48:46
/Users/eddiedickey/Feb2020/Movies/Tommy Football 2014.fcpbundle/11-02-14/Transcoded Media/High Quality Media/HDV_0222.mov,2014:11:04 02:47:13
/Users/eddiedickey/Feb2020/Movies/Tommy Football 2014.fcpbundle/11-02-14/Transcoded Media/High Quality Media/HDV_0236.mov,2014:11:04 02:41:47
/Users/eddiedickey/Feb2020/Movies/Tommy Football 2014.fcpbundle/11-02-14/Transcoded Media/High Quality Media/HDV_0237.mov,2014:11:04 02:46:43
/Users/eddiedickey/Feb2020/Movies/Tommy Football 2014.fcpbundle/11-02-14/Transcoded Media/High Quality Media/HDV_0223.mov,2014:11:04 02:49:10
/Users/eddiedickey/Feb2020/Movies/Tommy Football 2014.fcpbundle/11-02-14/Transcoded Media/High Quality Media/HDV_0235.mov,2014:11:04 02:50:16
/Users/eddiedickey/Feb2020/Movies/Tommy Football 2014.fcpbundle/11-02-14/Transcoded Media/High Quality Media/HDV_0221.mov,2014:11:04 02:42:37
/Users/eddiedickey/Feb2020/Movies/Tommy Football 2014.fcpbundle/11-02-14/Transcoded Media/High Quality Media/HDV_0220.mov,2014:11:04 02:51:35
/Users/eddiedickey/Feb2020/Movies/Tommy Football 2014.fcpbundle/11-02-14/Transcoded Media/High Quality Media/HDV_0234.mov,2014:11:04 02:48:06
/Users/eddiedickey/Feb2020/Movies/Tommy Football 2014.fcpbundle/11-02-14/Transcoded Media/High Quality Media/HDV_0240.mov,2014:11:04 02:50:56
/Users/eddiedickey/Feb2020/Movies/Tommy Football 2014.fcpbundle/11-02-14/Original Media/HDV_0239.mp4,2014:11:02 04:50:06
/Users/eddiedickey/Feb2020/Movies/Tommy Football 2014.fcpbundle/11-02-14/Original Media/HDV_0238.mp4,2014:11:02 04:48:29
/Users/eddiedickey/Feb2020/Movies/Tommy Football 2014.fcpbundle/11-02-14/Original Media/HDV_0228.mp4,2014:11:02 04:07:30
/Users/eddiedickey/Feb2020/Movies/Tommy Football 2014.fcpbundle/11-02-14/Original Media/HDV_0229.mp4,2014:11:02 04:07:45
/Users/eddiedickey/Feb2020/Movies/Tommy Football 2014.fcpbundle/11-02-14/Original Media/HDV_0217.mp4,2014:11:02 03:21:13
/Users/eddiedickey/Feb2020/Movies/Tommy Football 2014.fcpbundle/11-02-14/Original Media/HDV_0240.mp4,2014:11:02 04:51:15
/Users/eddiedickey/Feb2020/Movies/Tommy Football 2014.fcpbundle/11-02-14/Original Media/HDV_0233.mp4,2014:11:02 04:20:35
/Users/eddiedickey/Feb2020/Movies/Tommy Football 2014.fcpbundle/11-02-14/Original Media/HDV_0227.mp4,2014:11:02 04:06:26
/Users/eddiedickey/Feb2020/Movies/Tommy Football 2014.fcpbundle/11-02-14/Original Media/HDV_0226.mp4,2014:11:02 04:05:22
/Users/eddiedickey/Feb2020/Movies/Tommy Football 2014.fcpbundle/11-02-14/Original Media/HDV_0232.mp4,2014:11:02 04:19:42
/Users/eddiedickey/Feb2020/Movies/Tommy Football 2014.fcpbundle/11-02-14/Original Media/HDV_0224.mp4,2014:11:02 03:43:52
/Users/eddiedickey/Feb2020/Movies/Tommy Football 2014.fcpbundle/11-02-14/Original Media/HDV_0230.mp4,2014:11:02 04:10:15
/Users/eddiedickey/Feb2020/Movies/Tommy Football 2014.fcpbundle/11-02-14/Original Media/HDV_0218.mp4,2014:11:02 03:27:24
/Users/eddiedickey/Feb2020/Movies/Tommy Football 2014.fcpbundle/11-02-14/Original Media/HDV_0219.mp4,2014:11:02 03:28:22
/Users/eddiedickey/Feb2020/Movies/Tommy Football 2014.fcpbundle/11-02-14/Original Media/HDV_0231.mp4,2014:11:02 04:17:55
/Users/eddiedickey/Feb2020/Movies/Tommy Football 2014.fcpbundle/11-02-14/Original Media/HDV_0225.mp4,2014:11:02 04:01:23
/Users/eddiedickey/Feb2020/Movies/Tommy Football 2014.fcpbundle/11-02-14/Original Media/HDV_0221.mp4,2014:11:02 03:36:09
/Users/eddiedickey/Feb2020/Movies/Tommy Football 2014.fcpbundle/11-02-14/Original Media/HDV_0235.mp4,2014:11:02 04:27:27
/Users/eddiedickey/Feb2020/Movies/Tommy Football 2014.fcpbundle/11-02-14/Original Media/HDV_0234.mp4,2014:11:02 04:23:58
/Users/eddiedickey/Feb2020/Movies/Tommy Football 2014.fcpbundle/11-02-14/Original Media/HDV_0220.mp4,2014:11:02 03:32:33
/Users/eddiedickey/Feb2020/Movies/Tommy Football 2014.fcpbundle/11-02-14/Original Media/HDV_0236.mp4,2014:11:02 04:34:03
/Users/eddiedickey/Feb2020/Movies/Tommy Football 2014.fcpbundle/11-02-14/Original Media/HDV_0222.mp4,2014:11:02 03:38:10
/Users/eddiedickey/Feb2020/Movies/Tommy Football 2014.fcpbundle/11-02-14/Original Media/HDV_0223.mp4,2014:11:02 03:41:00
/Users/eddiedickey/Feb2020/Movies/Tommy Football 2014.fcpbundle/11-02-14/Original Media/HDV_0237.mp4,2014:11:02 04:46:34
/Users/eddiedickey/Feb2020/Movies/Tommy Football 2014.fcpbundle/10-19-14/Transcoded Media/High Quality Media/HDV_0198.mov,2014:10:20 00:03:01
/Users/eddiedickey/Feb2020/Movies/Tommy Football 2014.fcpbundle/10-19-14/Transcoded Media/High Quality Media/HDV_0167.mov,2014:10:20 00:01:57
/Users/eddiedickey/Feb2020/Movies/Tommy Football 2014.fcpbundle/10-19-14/Transcoded Media/High Quality Media/HDV_0173.mov,2014:10:19 23:59:53
/Users/eddiedickey/Feb2020/Movies/Tommy Football 2014.fcpbundle/10-19-14/Transcoded Media/High Quality Media/HDV_0172.mov,2014:10:20 00:06:43
/Users/eddiedickey/Feb2020/Movies/Tommy Football 2014.fcpbundle/10-19-14/Transcoded Media/High Quality Media/HDV_0166.mov,2014:10:19 23:58:36
/Users/eddiedickey/Feb2020/Movies/Tommy Football 2014.fcpbundle/10-19-14/Transcoded Media/High Quality Media/HDV_0158.mov,2014:10:20 00:06:01
/Users/eddiedickey/Feb2020/Movies/Tommy Football 2014.fcpbundle/10-19-14/Transcoded Media/High Quality Media/HDV_0170.mov,2014:10:20 00:04:32
/Users/eddiedickey/Feb2020/Movies/Tommy Football 2014.fcpbundle/10-19-14/Transcoded Media/High Quality Media/HDV_0164.mov,2014:10:20 00:05:23
/Users/eddiedickey/Feb2020/Movies/Tommy Football 2014.fcpbundle/10-19-14/Transcoded Media/High Quality Media/HDV_0165.mov,2014:10:20 00:06:19
/Users/eddiedickey/Feb2020/Movies/Tommy Football 2014.fcpbundle/10-19-14/Transcoded Media/High Quality Media/HDV_0171.mov,2014:10:20 00:05:36
/Users/eddiedickey/Feb2020/Movies/Tommy Football 2014.fcpbundle/10-19-14/Transcoded Media/High Quality Media/HDV_0159.mov,2014:10:19 23:57:58
/Users/eddiedickey/Feb2020/Movies/Tommy Football 2014.fcpbundle/10-19-14/Transcoded Media/High Quality Media/HDV_0175.mov,2014:10:20 00:04:14
/Users/eddiedickey/Feb2020/Movies/Tommy Football 2014.fcpbundle/10-19-14/Transcoded Media/High Quality Media/HDV_0161.mov,2014:10:19 23:59:10
/Users/eddiedickey/Feb2020/Movies/Tommy Football 2014.fcpbundle/10-19-14/Transcoded Media/High Quality Media/HDV_0149.mov,2014:10:20 00:02:29
/Users/eddiedickey/Feb2020/Movies/Tommy Football 2014.fcpbundle/10-19-14/Transcoded Media/High Quality Media/HDV_0148.mov,2014:10:19 23:59:59
/Users/eddiedickey/Feb2020/Movies/Tommy Football 2014.fcpbundle/10-19-14/Transcoded Media/High Quality Media/HDV_0160.mov,2014:10:20 00:06:25
/Users/eddiedickey/Feb2020/Movies/Tommy Football 2014.fcpbundle/10-19-14/Transcoded Media/High Quality Media/HDV_0174.mov,2014:10:20 00:02:25
/Users/eddiedickey/Feb2020/Movies/Tommy Football 2014.fcpbundle/10-19-14/Transcoded Media/High Quality Media/HDV_0189.mov,2014:10:19 23:57:49
/Users/eddiedickey/Feb2020/Movies/Tommy Football 2014.fcpbundle/10-19-14/Transcoded Media/High Quality Media/HDV_0162.mov,2014:10:20 00:02:03
/Users/eddiedickey/Feb2020/Movies/Tommy Football 2014.fcpbundle/10-19-14/Transcoded Media/High Quality Media/HDV_0176.mov,2014:10:20 00:05:32
/Users/eddiedickey/Feb2020/Movies/Tommy Football 2014.fcpbundle/10-19-14/Transcoded Media/High Quality Media/HDV_0177.mov,2014:10:20 00:06:36
/Users/eddiedickey/Feb2020/Movies/Tommy Football 2014.fcpbundle/10-19-14/Transcoded Media/High Quality Media/HDV_0163.mov,2014:10:20 00:04:05
/Users/eddiedickey/Feb2020/Movies/Tommy Football 2014.fcpbundle/10-19-14/Transcoded Media/High Quality Media/HDV_0188.mov,2014:10:20 00:05:54
/Users/eddiedickey/Feb2020/Movies/Tommy Football 2014.fcpbundle/10-19-14/Transcoded Media/High Quality Media/HDV_0185.mov,2014:10:20 00:00:19
/Users/eddiedickey/Feb2020/Movies/Tommy Football 2014.fcpbundle/10-19-14/Transcoded Media/High Quality Media/HDV_0191.mov,2014:10:19 23:59:19
/Users/eddiedickey/Feb2020/Movies/Tommy Football 2014.fcpbundle/10-19-14/Transcoded Media/High Quality Media/HDV_0152.mov,2014:10:20 00:04:45
/Users/eddiedickey/Feb2020/Movies/Tommy Football 2014.fcpbundle/10-19-14/Transcoded Media/High Quality Media/HDV_0153.mov,2014:10:20 00:06:03
/Users/eddiedickey/Feb2020/Movies/Tommy Football 2014.fcpbundle/10-19-14/Transcoded Media/High Quality Media/HDV_0190.mov,2014:10:20 00:06:29
/Users/eddiedickey/Feb2020/Movies/Tommy Football 2014.fcpbundle/10-19-14/Transcoded Media/High Quality Media/HDV_0184.mov,2014:10:19 23:58:11
/Users/eddiedickey/Feb2020/Movies/Tommy Football 2014.fcpbundle/10-19-14/Transcoded Media/High Quality Media/HDV_0192.mov,2014:10:20 00:02:11
/Users/eddiedickey/Feb2020/Movies/Tommy Football 2014.fcpbundle/10-19-14/Transcoded Media/High Quality Media/HDV_0186.mov,2014:10:20 00:02:33
/Users/eddiedickey/Feb2020/Movies/Tommy Football 2014.fcpbundle/10-19-14/Transcoded Media/High Quality Media/HDV_0179.mov,2014:10:20 00:02:16
/Users/eddiedickey/Feb2020/Movies/Tommy Football 2014.fcpbundle/10-19-14/Transcoded Media/High Quality Media/HDV_0151.mov,2014:10:20 00:02:44
/Users/eddiedickey/Feb2020/Movies/Tommy Football 2014.fcpbundle/10-19-14/Transcoded Media/High Quality Media/HDV_0150.mov,2014:10:20 00:00:39
/Users/eddiedickey/Feb2020/Movies/Tommy Football 2014.fcpbundle/10-19-14/Transcoded Media/High Quality Media/HDV_0178.mov,2014:10:19 23:59:33
/Users/eddiedickey/Feb2020/Movies/Tommy Football 2014.fcpbundle/10-19-14/Transcoded Media/High Quality Media/HDV_0187.mov,2014:10:20 00:04:38
/Users/eddiedickey/Feb2020/Movies/Tommy Football 2014.fcpbundle/10-19-14/Transcoded Media/High Quality Media/HDV_0193.mov,2014:10:20 00:04:11
/Users/eddiedickey/Feb2020/Movies/Tommy Football 2014.fcpbundle/10-19-14/Transcoded Media/High Quality Media/HDV_0197.mov,2014:10:20 00:01:17
/Users/eddiedickey/Feb2020/Movies/Tommy Football 2014.fcpbundle/10-19-14/Transcoded Media/High Quality Media/HDV_0183.mov,2014:10:20 00:06:08
/Users/eddiedickey/Feb2020/Movies/Tommy Football 2014.fcpbundle/10-19-14/Transcoded Media/High Quality Media/HDV_0154.mov,2014:10:19 23:58:05
/Users/eddiedickey/Feb2020/Movies/Tommy Football 2014.fcpbundle/10-19-14/Transcoded Media/High Quality Media/HDV_0168.mov,2014:10:20 00:03:59
/Users/eddiedickey/Feb2020/Movies/Tommy Football 2014.fcpbundle/10-19-14/Transcoded Media/High Quality Media/HDV_0169.mov,2014:10:20 00:05:13
/Users/eddiedickey/Feb2020/Movies/Tommy Football 2014.fcpbundle/10-19-14/Transcoded Media/High Quality Media/HDV_0155.mov,2014:10:20 00:01:00
/Users/eddiedickey/Feb2020/Movies/Tommy Football 2014.fcpbundle/10-19-14/Transcoded Media/High Quality Media/HDV_0182.mov,2014:10:20 00:05:08
/Users/eddiedickey/Feb2020/Movies/Tommy Football 2014.fcpbundle/10-19-14/Transcoded Media/High Quality Media/HDV_0196.mov,2014:10:19 23:58:23
/Users/eddiedickey/Feb2020/Movies/Tommy Football 2014.fcpbundle/10-19-14/Transcoded Media/High Quality Media/HDV_0180.mov,2014:10:20 00:00:26
/Users/eddiedickey/Feb2020/Movies/Tommy Football 2014.fcpbundle/10-19-14/Transcoded Media/High Quality Media/HDV_0194.mov,2014:10:20 00:05:28
/Users/eddiedickey/Feb2020/Movies/Tommy Football 2014.fcpbundle/10-19-14/Transcoded Media/High Quality Media/HDV_0157.mov,2014:10:20 00:04:44
/Users/eddiedickey/Feb2020/Movies/Tommy Football 2014.fcpbundle/10-19-14/Transcoded Media/High Quality Media/HDV_0156.mov,2014:10:20 00:02:39
/Users/eddiedickey/Feb2020/Movies/Tommy Football 2014.fcpbundle/10-19-14/Transcoded Media/High Quality Media/HDV_0195.mov,2014:10:20 00:06:15
/Users/eddiedickey/Feb2020/Movies/Tommy Football 2014.fcpbundle/10-19-14/Transcoded Media/High Quality Media/HDV_0181.mov,2014:10:20 00:02:56
/Users/eddiedickey/Feb2020/Movies/Tommy Football 2014.fcpbundle/10-19-14/Original Media/HDV_0164.mp4,2014:10:19 02:33:51
/Users/eddiedickey/Feb2020/Movies/Tommy Football 2014.fcpbundle/10-19-14/Original Media/HDV_0170.mp4,2014:10:19 02:39:44
/Users/eddiedickey/Feb2020/Movies/Tommy Football 2014.fcpbundle/10-19-14/Original Media/HDV_0158.mp4,2014:10:19 02:22:48
/Users/eddiedickey/Feb2020/Movies/Tommy Football 2014.fcpbundle/10-19-14/Original Media/HDV_0159.mp4,2014:10:19 02:23:24
/Users/eddiedickey/Feb2020/Movies/Tommy Football 2014.fcpbundle/10-19-14/Original Media/HDV_0171.mp4,2014:10:19 02:53:37
/Users/eddiedickey/Feb2020/Movies/Tommy Football 2014.fcpbundle/10-19-14/Original Media/HDV_0165.mp4,2014:10:19 02:34:45
/Users/eddiedickey/Feb2020/Movies/Tommy Football 2014.fcpbundle/10-19-14/Original Media/HDV_0173.mp4,2014:10:19 02:58:25
/Users/eddiedickey/Feb2020/Movies/Tommy Football 2014.fcpbundle/10-19-14/Original Media/HDV_0167.mp4,2014:10:19 02:36:15
/Users/eddiedickey/Feb2020/Movies/Tommy Football 2014.fcpbundle/10-19-14/Original Media/HDV_0198.mp4,2014:10:19 03:32:13
/Users/eddiedickey/Feb2020/Movies/Tommy Football 2014.fcpbundle/10-19-14/Original Media/HDV_0166.mp4,2014:10:19 02:35:21
/Users/eddiedickey/Feb2020/Movies/Tommy Football 2014.fcpbundle/10-19-14/Original Media/HDV_0172.mp4,2014:10:19 02:57:32
/Users/eddiedickey/Feb2020/Movies/Tommy Football 2014.fcpbundle/10-19-14/Original Media/HDV_0176.mp4,2014:10:19 03:04:05
/Users/eddiedickey/Feb2020/Movies/Tommy Football 2014.fcpbundle/10-19-14/Original Media/HDV_0162.mp4,2014:10:19 02:32:14
/Users/eddiedickey/Feb2020/Movies/Tommy Football 2014.fcpbundle/10-19-14/Original Media/HDV_0189.mp4,2014:10:19 03:15:14
/Users/eddiedickey/Feb2020/Movies/Tommy Football 2014.fcpbundle/10-19-14/Original Media/HDV_0188.mp4,2014:10:19 03:14:34
/Users/eddiedickey/Feb2020/Movies/Tommy Football 2014.fcpbundle/10-19-14/Original Media/HDV_0163.mp4,2014:10:19 02:33:03
/Users/eddiedickey/Feb2020/Movies/Tommy Football 2014.fcpbundle/10-19-14/Original Media/HDV_0177.mp4,2014:10:19 03:04:35
/Users/eddiedickey/Feb2020/Movies/Tommy Football 2014.fcpbundle/10-19-14/Original Media/HDV_0149.mp4,2014:10:19 02:06:37
/Users/eddiedickey/Feb2020/Movies/Tommy Football 2014.fcpbundle/10-19-14/Original Media/HDV_0161.mp4,2014:10:19 02:30:55
/Users/eddiedickey/Feb2020/Movies/Tommy Football 2014.fcpbundle/10-19-14/Original Media/HDV_0175.mp4,2014:10:19 03:00:16
/Users/eddiedickey/Feb2020/Movies/Tommy Football 2014.fcpbundle/10-19-14/Original Media/HDV_0174.mp4,2014:10:19 02:59:00
/Users/eddiedickey/Feb2020/Movies/Tommy Football 2014.fcpbundle/10-19-14/Original Media/HDV_0160.mp4,2014:10:19 02:24:10
/Users/eddiedickey/Feb2020/Movies/Tommy Football 2014.fcpbundle/10-19-14/Original Media/HDV_0148.mp4,2014:10:19 02:05:02
/Users/eddiedickey/Feb2020/Movies/Tommy Football 2014.fcpbundle/10-19-14/Original Media/HDV_0151.mp4,2014:10:19 02:11:51
/Users/eddiedickey/Feb2020/Movies/Tommy Football 2014.fcpbundle/10-19-14/Original Media/HDV_0179.mp4,2014:10:19 03:06:05
/Users/eddiedickey/Feb2020/Movies/Tommy Football 2014.fcpbundle/10-19-14/Original Media/HDV_0186.mp4,2014:10:19 03:12:57
/Users/eddiedickey/Feb2020/Movies/Tommy Football 2014.fcpbundle/10-19-14/Original Media/HDV_0192.mp4,2014:10:19 03:19:45
/Users/eddiedickey/Feb2020/Movies/Tommy Football 2014.fcpbundle/10-19-14/Original Media/HDV_0193.mp4,2014:10:19 03:24:27
/Users/eddiedickey/Feb2020/Movies/Tommy Football 2014.fcpbundle/10-19-14/Original Media/HDV_0187.mp4,2014:10:19 03:13:48
/Users/eddiedickey/Feb2020/Movies/Tommy Football 2014.fcpbundle/10-19-14/Original Media/HDV_0178.mp4,2014:10:19 03:05:10
/Users/eddiedickey/Feb2020/Movies/Tommy Football 2014.fcpbundle/10-19-14/Original Media/HDV_0150.mp4,2014:10:19 02:10:56
/Users/eddiedickey/Feb2020/Movies/Tommy Football 2014.fcpbundle/10-19-14/Original Media/HDV_0152.mp4,2014:10:19 02:13:18
/Users/eddiedickey/Feb2020/Movies/Tommy Football 2014.fcpbundle/10-19-14/Original Media/HDV_0191.mp4,2014:10:19 03:18:57
/Users/eddiedickey/Feb2020/Movies/Tommy Football 2014.fcpbundle/10-19-14/Original Media/HDV_0185.mp4,2014:10:19 03:12:12
/Users/eddiedickey/Feb2020/Movies/Tommy Football 2014.fcpbundle/10-19-14/Original Media/HDV_0184.mp4,2014:10:19 03:11:33
/Users/eddiedickey/Feb2020/Movies/Tommy Football 2014.fcpbundle/10-19-14/Original Media/HDV_0190.mp4,2014:10:19 03:16:33
/Users/eddiedickey/Feb2020/Movies/Tommy Football 2014.fcpbundle/10-19-14/Original Media/HDV_0153.mp4,2014:10:19 02:15:07
/Users/eddiedickey/Feb2020/Movies/Tommy Football 2014.fcpbundle/10-19-14/Original Media/HDV_0157.mp4,2014:10:19 02:18:28
/Users/eddiedickey/Feb2020/Movies/Tommy Football 2014.fcpbundle/10-19-14/Original Media/HDV_0194.mp4,2014:10:19 03:26:49
/Users/eddiedickey/Feb2020/Movies/Tommy Football 2014.fcpbundle/10-19-14/Original Media/HDV_0180.mp4,2014:10:19 03:07:10
/Users/eddiedickey/Feb2020/Movies/Tommy Football 2014.fcpbundle/10-19-14/Original Media/HDV_0181.mp4,2014:10:19 03:07:48
/Users/eddiedickey/Feb2020/Movies/Tommy Football 2014.fcpbundle/10-19-14/Original Media/HDV_0195.mp4,2014:10:19 03:27:13
/Users/eddiedickey/Feb2020/Movies/Tommy Football 2014.fcpbundle/10-19-14/Original Media/HDV_0156.mp4,2014:10:19 02:16:59
/Users/eddiedickey/Feb2020/Movies/Tommy Football 2014.fcpbundle/10-19-14/Original Media/HDV_0168.mp4,2014:10:19 02:36:39
/Users/eddiedickey/Feb2020/Movies/Tommy Football 2014.fcpbundle/10-19-14/Original Media/HDV_0154.mp4,2014:10:19 02:15:44
/Users/eddiedickey/Feb2020/Movies/Tommy Football 2014.fcpbundle/10-19-14/Original Media/HDV_0183.mp4,2014:10:19 03:10:06
/Users/eddiedickey/Feb2020/Movies/Tommy Football 2014.fcpbundle/10-19-14/Original Media/HDV_0197.mp4,2014:10:19 03:30:34
/Users/eddiedickey/Feb2020/Movies/Tommy Football 2014.fcpbundle/10-19-14/Original Media/HDV_0196.mp4,2014:10:19 03:29:47
/Users/eddiedickey/Feb2020/Movies/Tommy Football 2014.fcpbundle/10-19-14/Original Media/HDV_0182.mp4,2014:10:19 03:08:58
/Users/eddiedickey/Feb2020/Movies/Tommy Football 2014.fcpbundle/10-19-14/Original Media/HDV_0155.mp4,2014:10:19 02:16:21
/Users/eddiedickey/Feb2020/Movies/Tommy Football 2014.fcpbundle/10-19-14/Original Media/HDV_0169.mp4,2014:10:19 02:37:43
/Users/eddiedickey/Feb2020/Movies/Tommy Football 2014.fcpbundle/10-5-14/Transcoded Media/High Quality Media/HDV_0013.mov,2014:10:06 01:41:02
/Users/eddiedickey/Feb2020/Movies/Tommy Football 2014.fcpbundle/10-5-14/Transcoded Media/High Quality Media/HDV_0007.mov,2014:10:06 01:49:23
/Users/eddiedickey/Feb2020/Movies/Tommy Football 2014.fcpbundle/10-5-14/Transcoded Media/High Quality Media/HDV_0006.mov,2014:10:06 01:47:32
/Users/eddiedickey/Feb2020/Movies/Tommy Football 2014.fcpbundle/10-5-14/Transcoded Media/High Quality Media/HDV_0012.mov,2014:10:06 01:49:17
/Users/eddiedickey/Feb2020/Movies/Tommy Football 2014.fcpbundle/10-5-14/Transcoded Media/High Quality Media/HDV_0010.mov,2014:10:06 01:43:40
/Users/eddiedickey/Feb2020/Movies/Tommy Football 2014.fcpbundle/10-5-14/Transcoded Media/High Quality Media/HDV_0011.mov,2014:10:06 01:46:57
/Users/eddiedickey/Feb2020/Movies/Tommy Football 2014.fcpbundle/10-5-14/Transcoded Media/High Quality Media/HDV_0005.mov,2014:10:06 01:43:58
/Users/eddiedickey/Feb2020/Movies/Tommy Football 2014.fcpbundle/10-5-14/Transcoded Media/High Quality Media/HDV_0015.mov,2014:10:06 01:48:10
/Users/eddiedickey/Feb2020/Movies/Tommy Football 2014.fcpbundle/10-5-14/Transcoded Media/High Quality Media/HDV_0028.mov,2014:10:06 01:51:59
/Users/eddiedickey/Feb2020/Movies/Tommy Football 2014.fcpbundle/10-5-14/Transcoded Media/High Quality Media/HDV_0014.mov,2014:10:06 01:45:46
/Users/eddiedickey/Feb2020/Movies/Tommy Football 2014.fcpbundle/10-5-14/Transcoded Media/High Quality Media/HDV_0016.mov,2014:10:06 01:51:23
/Users/eddiedickey/Feb2020/Movies/Tommy Football 2014.fcpbundle/10-5-14/Transcoded Media/High Quality Media/HDV_0017.mov,2014:10:06 01:44:15
/Users/eddiedickey/Feb2020/Movies/Tommy Football 2014.fcpbundle/10-5-14/Transcoded Media/High Quality Media/HDV_0026.mov,2014:10:06 01:46:38
/Users/eddiedickey/Feb2020/Movies/Tommy Football 2014.fcpbundle/10-5-14/Transcoded Media/High Quality Media/HDV_0027.mov,2014:10:06 01:49:09
/Users/eddiedickey/Feb2020/Movies/Tommy Football 2014.fcpbundle/10-5-14/Transcoded Media/High Quality Media/HDV_0019.mov,2014:10:06 01:50:02
/Users/eddiedickey/Feb2020/Movies/Tommy Football 2014.fcpbundle/10-5-14/Transcoded Media/High Quality Media/HDV_0025.mov,2014:10:06 01:43:13
/Users/eddiedickey/Feb2020/Movies/Tommy Football 2014.fcpbundle/10-5-14/Transcoded Media/High Quality Media/HDV_0024.mov,2014:10:06 01:50:23
/Users/eddiedickey/Feb2020/Movies/Tommy Football 2014.fcpbundle/10-5-14/Transcoded Media/High Quality Media/HDV_0018.mov,2014:10:06 01:47:41
/Users/eddiedickey/Feb2020/Movies/Tommy Football 2014.fcpbundle/10-5-14/Transcoded Media/High Quality Media/HDV_0020.mov,2014:10:06 01:48:25
/Users/eddiedickey/Feb2020/Movies/Tommy Football 2014.fcpbundle/10-5-14/Transcoded Media/High Quality Media/HDV_0008.mov,2014:10:06 01:42:10
/Users/eddiedickey/Feb2020/Movies/Tommy Football 2014.fcpbundle/10-5-14/Transcoded Media/High Quality Media/HDV_0009.mov,2014:10:06 01:46:22
/Users/eddiedickey/Feb2020/Movies/Tommy Football 2014.fcpbundle/10-5-14/Transcoded Media/High Quality Media/HDV_0021.mov,2014:10:06 01:51:46
/Users/eddiedickey/Feb2020/Movies/Tommy Football 2014.fcpbundle/10-5-14/Transcoded Media/High Quality Media/HDV_0023.mov,2014:10:06 01:47:52
/Users/eddiedickey/Feb2020/Movies/Tommy Football 2014.fcpbundle/10-5-14/Transcoded Media/High Quality Media/HDV_0022.mov,2014:10:06 01:44:27
/Users/eddiedickey/Feb2020/Movies/Tommy Football 2014.fcpbundle/10-5-14/Original Media/HDV_0010.mp4,2014:10:05 15:34:47
/Users/eddiedickey/Feb2020/Movies/Tommy Football 2014.fcpbundle/10-5-14/Original Media/HDV_0005.mp4,2014:10:05 15:07:23
/Users/eddiedickey/Feb2020/Movies/Tommy Football 2014.fcpbundle/10-5-14/Original Media/HDV_0011.mp4,2014:10:05 15:38:35
/Users/eddiedickey/Feb2020/Movies/Tommy Football 2014.fcpbundle/10-5-14/Original Media/HDV_0007.mp4,2014:10:05 15:15:02
/Users/eddiedickey/Feb2020/Movies/Tommy Football 2014.fcpbundle/10-5-14/Original Media/HDV_0013.mp4,2014:10:05 16:08:00
/Users/eddiedickey/Feb2020/Movies/Tommy Football 2014.fcpbundle/10-5-14/Original Media/HDV_0012.mp4,2014:10:05 15:40:56
/Users/eddiedickey/Feb2020/Movies/Tommy Football 2014.fcpbundle/10-5-14/Original Media/HDV_0006.mp4,2014:10:05 15:08:22
/Users/eddiedickey/Feb2020/Movies/Tommy Football 2014.fcpbundle/10-5-14/Original Media/HDV_0016.mp4,2014:10:05 16:22:48
/Users/eddiedickey/Feb2020/Movies/Tommy Football 2014.fcpbundle/10-5-14/Original Media/HDV_0017.mp4,2014:10:05 16:25:52
/Users/eddiedickey/Feb2020/Movies/Tommy Football 2014.fcpbundle/10-5-14/Original Media/HDV_0015.mp4,2014:10:05 16:20:59
/Users/eddiedickey/Feb2020/Movies/Tommy Football 2014.fcpbundle/10-5-14/Original Media/HDV_0014.mp4,2014:10:05 16:10:42
/Users/eddiedickey/Feb2020/Movies/Tommy Football 2014.fcpbundle/10-5-14/Original Media/HDV_0028.mp4,2014:10:05 16:49:38
/Users/eddiedickey/Feb2020/Movies/Tommy Football 2014.fcpbundle/10-5-14/Original Media/HDV_0025.mp4,2014:10:05 16:46:32
/Users/eddiedickey/Feb2020/Movies/Tommy Football 2014.fcpbundle/10-5-14/Original Media/HDV_0019.mp4,2014:10:05 16:27:49
/Users/eddiedickey/Feb2020/Movies/Tommy Football 2014.fcpbundle/10-5-14/Original Media/HDV_0018.mp4,2014:10:05 16:26:26
/Users/eddiedickey/Feb2020/Movies/Tommy Football 2014.fcpbundle/10-5-14/Original Media/HDV_0024.mp4,2014:10:05 16:42:32
/Users/eddiedickey/Feb2020/Movies/Tommy Football 2014.fcpbundle/10-5-14/Original Media/HDV_0026.mp4,2014:10:05 16:47:41
/Users/eddiedickey/Feb2020/Movies/Tommy Football 2014.fcpbundle/10-5-14/Original Media/HDV_0027.mp4,2014:10:05 16:48:52
/Users/eddiedickey/Feb2020/Movies/Tommy Football 2014.fcpbundle/10-5-14/Original Media/HDV_0023.mp4,2014:10:05 16:38:57
/Users/eddiedickey/Feb2020/Movies/Tommy Football 2014.fcpbundle/10-5-14/Original Media/HDV_0022.mp4,2014:10:05 16:36:20
/Users/eddiedickey/Feb2020/Movies/Tommy Football 2014.fcpbundle/10-5-14/Original Media/HDV_0008.mp4,2014:10:05 15:22:21
/Users/eddiedickey/Feb2020/Movies/Tommy Football 2014.fcpbundle/10-5-14/Original Media/HDV_0020.mp4,2014:10:05 16:30:07
/Users/eddiedickey/Feb2020/Movies/Tommy Football 2014.fcpbundle/10-5-14/Original Media/HDV_0021.mp4,2014:10:05 16:33:03
/Users/eddiedickey/Feb2020/Movies/Tommy Football 2014.fcpbundle/10-5-14/Original Media/HDV_0009.mp4,2014:10:05 15:25:05
/Users/eddiedickey/Feb2020/Movies/Tommy Football 2014.fcpbundle/10-26-14/Transcoded Media/High Quality Media/HDV_0211.mov,2014:10:27 00:58:47
/Users/eddiedickey/Feb2020/Movies/Tommy Football 2014.fcpbundle/10-26-14/Transcoded Media/High Quality Media/HDV_0205.mov,2014:10:27 00:54:28
/Users/eddiedickey/Feb2020/Movies/Tommy Football 2014.fcpbundle/10-26-14/Transcoded Media/High Quality Media/HDV_0204.mov,2014:10:27 00:56:59
/Users/eddiedickey/Feb2020/Movies/Tommy Football 2014.fcpbundle/10-26-14/Transcoded Media/High Quality Media/HDV_0210.mov,2014:10:27 00:55:02
/Users/eddiedickey/Feb2020/Movies/Tommy Football 2014.fcpbundle/10-26-14/Transcoded Media/High Quality Media/HDV_0199.mov,2014:10:27 00:54:35
/Users/eddiedickey/Feb2020/Movies/Tommy Football 2014.fcpbundle/10-26-14/Transcoded Media/High Quality Media/HDV_0206.mov,2014:10:27 00:58:14
/Users/eddiedickey/Feb2020/Movies/Tommy Football 2014.fcpbundle/10-26-14/Transcoded Media/High Quality Media/HDV_0212.mov,2014:10:27 00:57:49
/Users/eddiedickey/Feb2020/Movies/Tommy Football 2014.fcpbundle/10-26-14/Transcoded Media/High Quality Media/HDV_0213.mov,2014:10:27 00:56:36
/Users/eddiedickey/Feb2020/Movies/Tommy Football 2014.fcpbundle/10-26-14/Transcoded Media/High Quality Media/HDV_0207.mov,2014:10:27 00:57:14
/Users/eddiedickey/Feb2020/Movies/Tommy Football 2014.fcpbundle/10-26-14/Transcoded Media/High Quality Media/HDV_0203.mov,2014:10:27 00:57:55
/Users/eddiedickey/Feb2020/Movies/Tommy Football 2014.fcpbundle/10-26-14/Transcoded Media/High Quality Media/HDV_0216.mov,2014:10:27 00:57:12
/Users/eddiedickey/Feb2020/Movies/Tommy Football 2014.fcpbundle/10-26-14/Transcoded Media/High Quality Media/HDV_0202.mov,2014:10:27 01:00:37
/Users/eddiedickey/Feb2020/Movies/Tommy Football 2014.fcpbundle/10-26-14/Transcoded Media/High Quality Media/HDV_0214.mov,2014:10:27 00:54:15
/Users/eddiedickey/Feb2020/Movies/Tommy Football 2014.fcpbundle/10-26-14/Transcoded Media/High Quality Media/HDV_0200.mov,2014:10:27 00:57:42
/Users/eddiedickey/Feb2020/Movies/Tommy Football 2014.fcpbundle/10-26-14/Transcoded Media/High Quality Media/HDV_0201.mov,2014:10:27 00:56:18
/Users/eddiedickey/Feb2020/Movies/Tommy Football 2014.fcpbundle/10-26-14/Transcoded Media/High Quality Media/HDV_0215.mov,2014:10:27 00:58:02
/Users/eddiedickey/Feb2020/Movies/Tommy Football 2014.fcpbundle/10-26-14/Transcoded Media/High Quality Media/HDV_0209.mov,2014:10:27 00:58:22
/Users/eddiedickey/Feb2020/Movies/Tommy Football 2014.fcpbundle/10-26-14/Transcoded Media/High Quality Media/HDV_0208.mov,2014:10:27 00:54:43
/Users/eddiedickey/Feb2020/Movies/Tommy Football 2014.fcpbundle/10-26-14/Original Media/HDV_0212.mp4,2014:10:26 03:28:09
/Users/eddiedickey/Feb2020/Movies/Tommy Football 2014.fcpbundle/10-26-14/Original Media/HDV_0206.mp4,2014:10:26 02:33:02
/Users/eddiedickey/Feb2020/Movies/Tommy Football 2014.fcpbundle/10-26-14/Original Media/HDV_0207.mp4,2014:10:26 02:50:50
/Users/eddiedickey/Feb2020/Movies/Tommy Football 2014.fcpbundle/10-26-14/Original Media/HDV_0213.mp4,2014:10:26 03:28:44
/Users/eddiedickey/Feb2020/Movies/Tommy Football 2014.fcpbundle/10-26-14/Original Media/HDV_0205.mp4,2014:10:26 02:32:11
/Users/eddiedickey/Feb2020/Movies/Tommy Football 2014.fcpbundle/10-26-14/Original Media/HDV_0211.mp4,2014:10:26 03:07:40
/Users/eddiedickey/Feb2020/Movies/Tommy Football 2014.fcpbundle/10-26-14/Original Media/HDV_0199.mp4,2014:10:26 02:17:00
/Users/eddiedickey/Feb2020/Movies/Tommy Football 2014.fcpbundle/10-26-14/Original Media/HDV_0210.mp4,2014:10:26 03:05:57
/Users/eddiedickey/Feb2020/Movies/Tommy Football 2014.fcpbundle/10-26-14/Original Media/HDV_0204.mp4,2014:10:26 02:31:21
/Users/eddiedickey/Feb2020/Movies/Tommy Football 2014.fcpbundle/10-26-14/Original Media/HDV_0200.mp4,2014:10:26 02:20:59
/Users/eddiedickey/Feb2020/Movies/Tommy Football 2014.fcpbundle/10-26-14/Original Media/HDV_0214.mp4,2014:10:26 03:29:40
/Users/eddiedickey/Feb2020/Movies/Tommy Football 2014.fcpbundle/10-26-14/Original Media/HDV_0215.mp4,2014:10:26 03:31:15
/Users/eddiedickey/Feb2020/Movies/Tommy Football 2014.fcpbundle/10-26-14/Original Media/HDV_0201.mp4,2014:10:26 02:26:06
/Users/eddiedickey/Feb2020/Movies/Tommy Football 2014.fcpbundle/10-26-14/Original Media/HDV_0203.mp4,2014:10:26 02:30:46
/Users/eddiedickey/Feb2020/Movies/Tommy Football 2014.fcpbundle/10-26-14/Original Media/HDV_0202.mp4,2014:10:26 02:29:05
/Users/eddiedickey/Feb2020/Movies/Tommy Football 2014.fcpbundle/10-26-14/Original Media/HDV_0216.mp4,2014:10:26 03:32:27
/Users/eddiedickey/Feb2020/Movies/Tommy Football 2014.fcpbundle/10-26-14/Original Media/HDV_0209.mp4,2014:10:26 02:55:16
/Users/eddiedickey/Feb2020/Movies/Tommy Football 2014.fcpbundle/10-26-14/Original Media/HDV_0208.mp4,2014:10:26 02:54:12
/Users/eddiedickey/Feb2020/Movies/Tommy Football 2014.fcpbundle/10-12-14/Transcoded Media/High Quality Media/Clip #5.mov,2014:10:13 06:05:29
/Users/eddiedickey/Feb2020/Movies/Tommy Football 2014.fcpbundle/10-12-14/Transcoded Media/High Quality Media/Clip #4.mov,2014:10:13 06:04:24
/Users/eddiedickey/Feb2020/Movies/Tommy Football 2014.fcpbundle/10-12-14/Transcoded Media/High Quality Media/Clip #6.mov,2014:10:13 06:06:13
/Users/eddiedickey/Feb2020/Movies/Tommy Football 2014.fcpbundle/10-12-14/Transcoded Media/High Quality Media/Clip #7.mov,2014:10:13 06:06:25
/Users/eddiedickey/Feb2020/Movies/Tommy Football 2014.fcpbundle/10-12-14/Transcoded Media/High Quality Media/Clip #3.mov,2014:10:13 06:03:54
/Users/eddiedickey/Feb2020/Movies/Tommy Football 2014.fcpbundle/10-12-14/Transcoded Media/High Quality Media/Clip #2.mov,2014:10:13 06:03:41
/Users/eddiedickey/Feb2020/Movies/Tommy Football 2014.fcpbundle/10-12-14/Transcoded Media/High Quality Media/Clip #1.mov,2014:10:13 06:03:31
/Users/eddiedickey/Feb2020/Movies/Tommy Football 2014.fcpbundle/10-12-14/Transcoded Media/High Quality Media/Clip #34.mov,2014:10:13 06:14:56
/Users/eddiedickey/Feb2020/Movies/Tommy Football 2014.fcpbundle/10-12-14/Transcoded Media/High Quality Media/Clip #20.mov,2014:10:13 06:10:18
/Users/eddiedickey/Feb2020/Movies/Tommy Football 2014.fcpbundle/10-12-14/Transcoded Media/High Quality Media/Clip #21.mov,2014:10:13 06:10:27
/Users/eddiedickey/Feb2020/Movies/Tommy Football 2014.fcpbundle/10-12-14/Transcoded Media/High Quality Media/Clip #35.mov,2014:10:13 06:15:01
/Users/eddiedickey/Feb2020/Movies/Tommy Football 2014.fcpbundle/10-12-14/Transcoded Media/High Quality Media/Clip #23.mov,2014:10:13 06:11:04
/Users/eddiedickey/Feb2020/Movies/Tommy Football 2014.fcpbundle/10-12-14/Transcoded Media/High Quality Media/Clip #36.mov,2014:10:13 06:15:18
/Users/eddiedickey/Feb2020/Movies/Tommy Football 2014.fcpbundle/10-12-14/Transcoded Media/High Quality Media/Clip #22.mov,2014:10:13 06:10:37
/Users/eddiedickey/Feb2020/Movies/Tommy Football 2014.fcpbundle/10-12-14/Transcoded Media/High Quality Media/Clip #26.mov,2014:10:13 06:11:54
/Users/eddiedickey/Feb2020/Movies/Tommy Football 2014.fcpbundle/10-12-14/Transcoded Media/High Quality Media/Clip #32.mov,2014:10:13 06:14:29
/Users/eddiedickey/Feb2020/Movies/Tommy Football 2014.fcpbundle/10-12-14/Transcoded Media/High Quality Media/Clip #33.mov,2014:10:13 06:14:39
/Users/eddiedickey/Feb2020/Movies/Tommy Football 2014.fcpbundle/10-12-14/Transcoded Media/High Quality Media/Clip #27.mov,2014:10:13 06:12:50
/Users/eddiedickey/Feb2020/Movies/Tommy Football 2014.fcpbundle/10-12-14/Transcoded Media/High Quality Media/Clip #31.mov,2014:10:13 06:14:19
/Users/eddiedickey/Feb2020/Movies/Tommy Football 2014.fcpbundle/10-12-14/Transcoded Media/High Quality Media/Clip #25.mov,2014:10:13 06:11:40
/Users/eddiedickey/Feb2020/Movies/Tommy Football 2014.fcpbundle/10-12-14/Transcoded Media/High Quality Media/Clip #19.mov,2014:10:13 06:10:09
/Users/eddiedickey/Feb2020/Movies/Tommy Football 2014.fcpbundle/10-12-14/Transcoded Media/High Quality Media/Clip #18.mov,2014:10:13 06:09:41
/Users/eddiedickey/Feb2020/Movies/Tommy Football 2014.fcpbundle/10-12-14/Transcoded Media/High Quality Media/Clip #24.mov,2014:10:13 06:11:30
/Users/eddiedickey/Feb2020/Movies/Tommy Football 2014.fcpbundle/10-12-14/Transcoded Media/High Quality Media/Clip #30.mov,2014:10:13 06:13:57
/Users/eddiedickey/Feb2020/Movies/Tommy Football 2014.fcpbundle/10-12-14/Transcoded Media/High Quality Media/Clip #29.mov,2014:10:13 06:13:46
/Users/eddiedickey/Feb2020/Movies/Tommy Football 2014.fcpbundle/10-12-14/Transcoded Media/High Quality Media/Clip #15.mov,2014:10:13 06:08:32
/Users/eddiedickey/Feb2020/Movies/Tommy Football 2014.fcpbundle/10-12-14/Transcoded Media/High Quality Media/Clip #14.mov,2014:10:13 06:08:27
/Users/eddiedickey/Feb2020/Movies/Tommy Football 2014.fcpbundle/10-12-14/Transcoded Media/High Quality Media/Clip #28.mov,2014:10:13 06:13:26
/Users/eddiedickey/Feb2020/Movies/Tommy Football 2014.fcpbundle/10-12-14/Transcoded Media/High Quality Media/Clip #16.mov,2014:10:13 06:09:12
/Users/eddiedickey/Feb2020/Movies/Tommy Football 2014.fcpbundle/10-12-14/Transcoded Media/High Quality Media/Clip #17.mov,2014:10:13 06:09:25
/Users/eddiedickey/Feb2020/Movies/Tommy Football 2014.fcpbundle/10-12-14/Transcoded Media/High Quality Media/Clip #13.mov,2014:10:13 06:08:05
/Users/eddiedickey/Feb2020/Movies/Tommy Football 2014.fcpbundle/10-12-14/Transcoded Media/High Quality Media/Clip #12.mov,2014:10:13 06:07:59
/Users/eddiedickey/Feb2020/Movies/Tommy Football 2014.fcpbundle/10-12-14/Transcoded Media/High Quality Media/Clip #10.mov,2014:10:13 06:07:36
/Users/eddiedickey/Feb2020/Movies/Tommy Football 2014.fcpbundle/10-12-14/Transcoded Media/High Quality Media/Clip #11.mov,2014:10:13 06:07:45
/Users/eddiedickey/Feb2020/Movies/Tommy Football 2014.fcpbundle/10-12-14/Transcoded Media/High Quality Media/Clip #9.mov,2014:10:13 06:07:22
/Users/eddiedickey/Feb2020/Movies/Tommy Football 2014.fcpbundle/10-12-14/Transcoded Media/High Quality Media/Clip #8.mov,2014:10:13 06:07:08
/Users/eddiedickey/Feb2020/Movies/Tommy Football 2014.fcpbundle/10-12-14/Original Media/Clip #5.mov,2014:10:13 06:03:43
/Users/eddiedickey/Feb2020/Movies/Tommy Football 2014.fcpbundle/10-12-14/Original Media/Clip #4.mov,2014:10:13 06:03:37
/Users/eddiedickey/Feb2020/Movies/Tommy Football 2014.fcpbundle/10-12-14/Original Media/Clip #6.mov,2014:10:13 06:03:50
/Users/eddiedickey/Feb2020/Movies/Tommy Football 2014.fcpbundle/10-12-14/Original Media/Clip #7.mov,2014:10:13 06:03:53
/Users/eddiedickey/Feb2020/Movies/Tommy Football 2014.fcpbundle/10-12-14/Original Media/Clip #3.mov,2014:10:13 06:03:33
/Users/eddiedickey/Feb2020/Movies/Tommy Football 2014.fcpbundle/10-12-14/Original Media/Clip #2.mov,2014:10:13 06:03:31
/Users/eddiedickey/Feb2020/Movies/Tommy Football 2014.fcpbundle/10-12-14/Original Media/Clip #1.mov,2014:10:13 06:03:30
/Users/eddiedickey/Feb2020/Movies/Tommy Football 2014.fcpbundle/10-12-14/Original Media/Clip #34.mov,2014:10:13 06:06:47
/Users/eddiedickey/Feb2020/Movies/Tommy Football 2014.fcpbundle/10-12-14/Original Media/Clip #20.mov,2014:10:13 06:04:43
/Users/eddiedickey/Feb2020/Movies/Tommy Football 2014.fcpbundle/10-12-14/Original Media/Clip #21.mov,2014:10:13 06:04:49
/Users/eddiedickey/Feb2020/Movies/Tommy Football 2014.fcpbundle/10-12-14/Original Media/Clip #35.mov,2014:10:13 06:06:49
/Users/eddiedickey/Feb2020/Movies/Tommy Football 2014.fcpbundle/10-12-14/Original Media/Clip #23.mov,2014:10:13 06:05:14
/Users/eddiedickey/Feb2020/Movies/Tommy Football 2014.fcpbundle/10-12-14/Original Media/Clip #36.mov,2014:10:13 06:06:52
/Users/eddiedickey/Feb2020/Movies/Tommy Football 2014.fcpbundle/10-12-14/Original Media/Clip #22.mov,2014:10:13 06:04:56
/Users/eddiedickey/Feb2020/Movies/Tommy Football 2014.fcpbundle/10-12-14/Original Media/Clip #26.mov,2014:10:13 06:05:50
/Users/eddiedickey/Feb2020/Movies/Tommy Football 2014.fcpbundle/10-12-14/Original Media/Clip #32.mov,2014:10:13 06:06:40
/Users/eddiedickey/Feb2020/Movies/Tommy Football 2014.fcpbundle/10-12-14/Original Media/Clip #33.mov,2014:10:13 06:06:43
/Users/eddiedickey/Feb2020/Movies/Tommy Football 2014.fcpbundle/10-12-14/Original Media/Clip #27.mov,2014:10:13 06:06:16
/Users/eddiedickey/Feb2020/Movies/Tommy Football 2014.fcpbundle/10-12-14/Original Media/Clip #31.mov,2014:10:13 06:06:38
/Users/eddiedickey/Feb2020/Movies/Tommy Football 2014.fcpbundle/10-12-14/Original Media/Clip #25.mov,2014:10:13 06:05:43
/Users/eddiedickey/Feb2020/Movies/Tommy Football 2014.fcpbundle/10-12-14/Original Media/Clip #19.mov,2014:10:13 06:04:37
/Users/eddiedickey/Feb2020/Movies/Tommy Football 2014.fcpbundle/10-12-14/Original Media/Clip #18.mov,2014:10:13 06:04:30
/Users/eddiedickey/Feb2020/Movies/Tommy Football 2014.fcpbundle/10-12-14/Original Media/Clip #24.mov,2014:10:13 06:05:35
/Users/eddiedickey/Feb2020/Movies/Tommy Football 2014.fcpbundle/10-12-14/Original Media/Clip #30.mov,2014:10:13 06:06:33
/Users/eddiedickey/Feb2020/Movies/Tommy Football 2014.fcpbundle/10-12-14/Original Media/Clip #29.mov,2014:10:13 06:06:29
/Users/eddiedickey/Feb2020/Movies/Tommy Football 2014.fcpbundle/10-12-14/Original Media/Clip #15.mov,2014:10:13 06:04:16
/Users/eddiedickey/Feb2020/Movies/Tommy Football 2014.fcpbundle/10-12-14/Original Media/Clip #14.mov,2014:10:13 06:04:14
/Users/eddiedickey/Feb2020/Movies/Tommy Football 2014.fcpbundle/10-12-14/Original Media/Clip #28.mov,2014:10:13 06:06:25
/Users/eddiedickey/Feb2020/Movies/Tommy Football 2014.fcpbundle/10-12-14/Original Media/Clip #16.mov,2014:10:13 06:04:25
/Users/eddiedickey/Feb2020/Movies/Tommy Football 2014.fcpbundle/10-12-14/Original Media/Clip #17.mov,2014:10:13 06:04:27
/Users/eddiedickey/Feb2020/Movies/Tommy Football 2014.fcpbundle/10-12-14/Original Media/Clip #13.mov,2014:10:13 06:04:10
/Users/eddiedickey/Feb2020/Movies/Tommy Football 2014.fcpbundle/10-12-14/Original Media/Clip #12.mov,2014:10:13 06:04:09
/Users/eddiedickey/Feb2020/Movies/Tommy Football 2014.fcpbundle/10-12-14/Original Media/Clip #10.mov,2014:10:13 06:04:05
/Users/eddiedickey/Feb2020/Movies/Tommy Football 2014.fcpbundle/10-12-14/Original Media/Clip #11.mov,2014:10:13 06:04:06
/Users/eddiedickey/Feb2020/Movies/Tommy Football 2014.fcpbundle/10-12-14/Original Media/Clip #9.mov,2014:10:13 06:04:00
/Users/eddiedickey/Feb2020/Movies/Tommy Football 2014.fcpbundle/10-12-14/Original Media/Clip #8.mov,2014:10:13 06:03:58
/Users/eddiedickey/Feb2020/Movies/Rugby.fcpbundle/2-5-15/Transcoded Media/High Quality Media/HDV_0266.mov,2015:02:06 06:57:15
/Users/eddiedickey/Feb2020/Movies/Rugby.fcpbundle/2-5-15/Transcoded Media/High Quality Media/HDV_0267.mov,2015:02:06 06:55:51
/Users/eddiedickey/Feb2020/Movies/Rugby.fcpbundle/2-5-15/Transcoded Media/High Quality Media/HDV_0259.mov,2015:02:06 06:54:45
/Users/eddiedickey/Feb2020/Movies/Rugby.fcpbundle/2-5-15/Transcoded Media/High Quality Media/HDV_0265.mov,2015:02:06 06:58:07
/Users/eddiedickey/Feb2020/Movies/Rugby.fcpbundle/2-5-15/Transcoded Media/High Quality Media/HDV_0270.mov,2015:02:06 06:54:52
/Users/eddiedickey/Feb2020/Movies/Rugby.fcpbundle/2-5-15/Transcoded Media/High Quality Media/HDV_0264.mov,2015:02:06 06:55:06
/Users/eddiedickey/Feb2020/Movies/Rugby.fcpbundle/2-5-15/Transcoded Media/High Quality Media/HDV_0258.mov,2015:02:06 06:55:55
/Users/eddiedickey/Feb2020/Movies/Rugby.fcpbundle/2-5-15/Transcoded Media/High Quality Media/HDV_0260.mov,2015:02:06 06:56:05
/Users/eddiedickey/Feb2020/Movies/Rugby.fcpbundle/2-5-15/Transcoded Media/High Quality Media/HDV_0261.mov,2015:02:06 06:54:58
/Users/eddiedickey/Feb2020/Movies/Rugby.fcpbundle/2-5-15/Transcoded Media/High Quality Media/HDV_0263.mov,2015:02:06 06:57:05
/Users/eddiedickey/Feb2020/Movies/Rugby.fcpbundle/2-5-15/Transcoded Media/High Quality Media/HDV_0262.mov,2015:02:06 06:58:00
/Users/eddiedickey/Feb2020/Movies/Rugby.fcpbundle/2-5-15/Transcoded Media/High Quality Media/HDV_0255.mov,2015:02:06 06:55:09
/Users/eddiedickey/Feb2020/Movies/Rugby.fcpbundle/2-5-15/Transcoded Media/High Quality Media/HDV_0269.mov,2015:02:06 06:57:51
/Users/eddiedickey/Feb2020/Movies/Rugby.fcpbundle/2-5-15/Transcoded Media/High Quality Media/HDV_0268.mov,2015:02:06 06:54:21
/Users/eddiedickey/Feb2020/Movies/Rugby.fcpbundle/2-5-15/Transcoded Media/High Quality Media/HDV_0256.mov,2015:02:06 06:53:34
/Users/eddiedickey/Feb2020/Movies/Rugby.fcpbundle/2-5-15/Transcoded Media/High Quality Media/HDV_0257.mov,2015:02:06 06:57:21
/Users/eddiedickey/Feb2020/Movies/Rugby.fcpbundle/2-5-15/Original Media/HDV_0265.mp4,2015:01:31 02:37:19
/Users/eddiedickey/Feb2020/Movies/Rugby.fcpbundle/2-5-15/Original Media/HDV_0259.mp4,2015:01:31 01:59:31
/Users/eddiedickey/Feb2020/Movies/Rugby.fcpbundle/2-5-15/Original Media/HDV_0258.mp4,2015:01:31 01:58:46
/Users/eddiedickey/Feb2020/Movies/Rugby.fcpbundle/2-5-15/Original Media/HDV_0264.mp4,2015:01:31 02:31:25
/Users/eddiedickey/Feb2020/Movies/Rugby.fcpbundle/2-5-15/Original Media/HDV_0270.mp4,2015:01:31 02:47:38
/Users/eddiedickey/Feb2020/Movies/Rugby.fcpbundle/2-5-15/Original Media/HDV_0266.mp4,2015:01:31 02:39:35
/Users/eddiedickey/Feb2020/Movies/Rugby.fcpbundle/2-5-15/Original Media/HDV_0267.mp4,2015:01:31 02:42:07
/Users/eddiedickey/Feb2020/Movies/Rugby.fcpbundle/2-5-15/Original Media/HDV_0263.mp4,2015:01:31 02:30:22
/Users/eddiedickey/Feb2020/Movies/Rugby.fcpbundle/2-5-15/Original Media/HDV_0262.mp4,2015:01:31 02:28:02
/Users/eddiedickey/Feb2020/Movies/Rugby.fcpbundle/2-5-15/Original Media/HDV_0260.mp4,2015:01:31 02:04:37
/Users/eddiedickey/Feb2020/Movies/Rugby.fcpbundle/2-5-15/Original Media/HDV_0261.mp4,2015:01:31 02:09:16
/Users/eddiedickey/Feb2020/Movies/Rugby.fcpbundle/2-5-15/Original Media/HDV_0256.mp4,2015:01:31 01:55:07
/Users/eddiedickey/Feb2020/Movies/Rugby.fcpbundle/2-5-15/Original Media/HDV_0257.mp4,2015:01:31 01:57:08
/Users/eddiedickey/Feb2020/Movies/Rugby.fcpbundle/2-5-15/Original Media/HDV_0269.mp4,2015:01:31 02:46:20
/Users/eddiedickey/Feb2020/Movies/Rugby.fcpbundle/2-5-15/Original Media/HDV_0255.mp4,2015:01:31 01:47:18
/Users/eddiedickey/Feb2020/Movies/Rugby.fcpbundle/2-5-15/Original Media/HDV_0268.mp4,2015:01:31 02:43:55
/Users/eddiedickey/Feb2020/Movies/Baseball.fcpbundle/Tommy's Swing Batting Cage/Original Media/2014-05-26 14_08_05 (id).mov,2014:05:27 02:35:00
/Users/eddiedickey/Feb2020/Movies/Baseball.fcpbundle/Tommy's Swing Batting Cage/Original Media/2014-05-26 14_06_59 (id).mov,2014:05:27 02:34:55
/Users/eddiedickey/Feb2020/Movies/Baseball.fcpbundle/Tommy's Swing Batting Cage/Original Media/2014-05-26 14_23_00 (id).mov,2014:05:27 02:36:13
/Users/eddiedickey/Feb2020/Movies/Baseball.fcpbundle/Tommy's Swing Batting Cage/Original Media/2014-05-26 14_23_49 (id).mov,2014:05:27 02:36:20
/Users/eddiedickey/Feb2020/Movies/Baseball.fcpbundle/Tommy's Swing Batting Cage/Original Media/2014-05-26 14_05_57 (id).mov,2014:05:27 02:34:51
/Users/eddiedickey/Feb2020/Movies/Tommy TL Freshman Football.fcpbundle/9-3-15/Transcoded Media/High Quality Media/HDV_0312.mov,2015:09:04 04:08:45
/Users/eddiedickey/Feb2020/Movies/Tommy TL Freshman Football.fcpbundle/9-3-15/Transcoded Media/High Quality Media/HDV_0313.mov,2015:09:04 04:07:16
/Users/eddiedickey/Feb2020/Movies/Tommy TL Freshman Football.fcpbundle/9-3-15/Transcoded Media/High Quality Media/HDV_0311.mov,2015:09:04 04:05:15
/Users/eddiedickey/Feb2020/Movies/Tommy TL Freshman Football.fcpbundle/9-3-15/Transcoded Media/High Quality Media/HDV_0310.mov,2015:09:04 04:06:09
/Users/eddiedickey/Feb2020/Movies/Tommy TL Freshman Football.fcpbundle/9-3-15/Transcoded Media/High Quality Media/HDV_0314.mov,2015:09:04 04:06:41
/Users/eddiedickey/Feb2020/Movies/Tommy TL Freshman Football.fcpbundle/9-3-15/Transcoded Media/High Quality Media/HDV_0315.mov,2015:09:04 04:05:30
/Users/eddiedickey/Feb2020/Movies/Tommy TL Freshman Football.fcpbundle/9-3-15/Transcoded Media/High Quality Media/HDV_0317.mov,2015:09:04 04:08:36
/Users/eddiedickey/Feb2020/Movies/Tommy TL Freshman Football.fcpbundle/9-3-15/Transcoded Media/High Quality Media/HDV_0316.mov,2015:09:04 04:08:58
/Users/eddiedickey/Feb2020/Movies/Tommy TL Freshman Football.fcpbundle/9-3-15/Original Media/HDV_0311.mp4,2015:09:03 17:52:28
/Users/eddiedickey/Feb2020/Movies/Tommy TL Freshman Football.fcpbundle/9-3-15/Original Media/HDV_0310.mp4,2015:09:03 17:40:11
/Users/eddiedickey/Feb2020/Movies/Tommy TL Freshman Football.fcpbundle/9-3-15/Original Media/HDV_0312.mp4,2015:09:03 17:54:08
/Users/eddiedickey/Feb2020/Movies/Tommy TL Freshman Football.fcpbundle/9-3-15/Original Media/HDV_0313.mp4,2015:09:03 18:14:54
/Users/eddiedickey/Feb2020/Movies/Tommy TL Freshman Football.fcpbundle/9-3-15/Original Media/HDV_0317.mp4,2015:09:03 18:40:46
/Users/eddiedickey/Feb2020/Movies/Tommy TL Freshman Football.fcpbundle/9-3-15/Original Media/HDV_0316.mp4,2015:09:03 18:39:35
/Users/eddiedickey/Feb2020/Movies/Tommy TL Freshman Football.fcpbundle/9-3-15/Original Media/HDV_0314.mp4,2015:09:03 18:35:36
/Users/eddiedickey/Feb2020/Movies/Tommy TL Freshman Football.fcpbundle/9-3-15/Original Media/HDV_0315.mp4,2015:09:03 18:37:42
/Users/eddiedickey/Feb2020/Movies/Tommy Baseball 2015.fcpbundle/3-8-15/Transcoded Media/High Quality Media/HDV_0295.mov,2015:03:14 06:03:49
/Users/eddiedickey/Feb2020/Movies/Tommy Baseball 2015.fcpbundle/3-8-15/Transcoded Media/High Quality Media/HDV_0294.mov,2015:03:14 06:03:23
/Users/eddiedickey/Feb2020/Movies/Tommy Baseball 2015.fcpbundle/3-8-15/Original Media/HDV_0295.mp4,2015:03:08 12:00:38
/Users/eddiedickey/Feb2020/Movies/Tommy Baseball 2015.fcpbundle/3-8-15/Original Media/HDV_0294.mp4,2015:03:08 11:39:26
