Directory,File,FileSize
/Users/eddiedickey/Feb2020/Movies/Carrie.fcpbundle/Valentines Day Stow Lake/Transcoded Media/High Quality Media,HDV_0289.mov,875702358
/Users/eddiedickey/Feb2020/Movies/Carrie.fcpbundle/Valentines Day Stow Lake/Original Media,HDV_0289.mp4,103730893
/Users/eddiedickey/Feb2020/Movies/Carrie.fcpbundle/Carmel/Transcoded Media/High Quality Media,HDV_0253.mov,1837814970
/Users/eddiedickey/Feb2020/Movies/Carrie.fcpbundle/Carmel/Transcoded Media/High Quality Media,HDV_0252.mov,580682566
/Users/eddiedickey/Feb2020/Movies/Carrie.fcpbundle/Carmel/Transcoded Media/High Quality Media,HDV_0250.mov,607207178
/Users/eddiedickey/Feb2020/Movies/Carrie.fcpbundle/Carmel/Transcoded Media/High Quality Media,HDV_0251.mov,372294546
/Users/eddiedickey/Feb2020/Movies/Carrie.fcpbundle/Carmel/Transcoded Media/High Quality Media,HDV_0254.mov,849344446
/Users/eddiedickey/Feb2020/Movies/Carrie.fcpbundle/Carmel/Original Media,HDV_0250.mp4,74622187
/Users/eddiedickey/Feb2020/Movies/Carrie.fcpbundle/Carmel/Original Media,HDV_0251.mp4,44766779
/Users/eddiedickey/Feb2020/Movies/Carrie.fcpbundle/Carmel/Original Media,HDV_0253.mp4,213502126
/Users/eddiedickey/Feb2020/Movies/Carrie.fcpbundle/Carmel/Original Media,HDV_0252.mp4,68040861
/Users/eddiedickey/Feb2020/Movies/Carrie.fcpbundle/Carmel/Original Media,HDV_0254.mp4,99757693
/Users/eddiedickey/Feb2020/Movies/Carrie.fcpbundle/Eric's Goodbye Party/Transcoded Media/High Quality Media,HDV_0293.mov,356484482
/Users/eddiedickey/Feb2020/Movies/Carrie.fcpbundle/Eric's Goodbye Party/Original Media,HDV_0293.mp4,41524308
/Users/eddiedickey/Feb2020/Movies/Carrie.fcpbundle/Houston/Transcoded Media/High Quality Media,HDV_0301.mov,679595250
/Users/eddiedickey/Feb2020/Movies/Carrie.fcpbundle/Houston/Transcoded Media/High Quality Media,HDV_0303.mov,465696806
/Users/eddiedickey/Feb2020/Movies/Carrie.fcpbundle/Houston/Transcoded Media/High Quality Media,HDV_0302.mov,582074302
/Users/eddiedickey/Feb2020/Movies/Carrie.fcpbundle/Houston/Transcoded Media/High Quality Media,HDV_0309.mov,489065558
/Users/eddiedickey/Feb2020/Movies/Carrie.fcpbundle/Houston/Original Media,HDV_0303.mp4,55828328
/Users/eddiedickey/Feb2020/Movies/Carrie.fcpbundle/Houston/Original Media,HDV_0302.mp4,69733739
/Users/eddiedickey/Feb2020/Movies/Carrie.fcpbundle/Houston/Original Media,HDV_0301.mp4,81816720
/Users/eddiedickey/Feb2020/Movies/Carrie.fcpbundle/Houston/Original Media,HDV_0309.mp4,59548174
/Users/eddiedickey/Feb2020/Movies/Carrie.fcpbundle/Sausalito Kayak/Transcoded Media/High Quality Media,HDV_0272.mov,620326546
/Users/eddiedickey/Feb2020/Movies/Carrie.fcpbundle/Sausalito Kayak/Transcoded Media/High Quality Media,HDV_0273.mov,866018510
/Users/eddiedickey/Feb2020/Movies/Carrie.fcpbundle/Sausalito Kayak/Transcoded Media/High Quality Media,HDV_0271.mov,991815918
/Users/eddiedickey/Feb2020/Movies/Carrie.fcpbundle/Sausalito Kayak/Original Media,HDV_0271.mp4,116475063
/Users/eddiedickey/Feb2020/Movies/Carrie.fcpbundle/Sausalito Kayak/Original Media,HDV_0272.mp4,73184172
/Users/eddiedickey/Feb2020/Movies/Carrie.fcpbundle/Sausalito Kayak/Original Media,HDV_0273.mp4,101224398
/Users/eddiedickey/Feb2020/Movies/Carrie.fcpbundle/Christmas Tree/Transcoded Media/High Quality Media,HDV_0249.mov,1243616802
/Users/eddiedickey/Feb2020/Movies/Carrie.fcpbundle/Christmas Tree/Original Media,HDV_0249.mp4,148771278
/Users/eddiedickey/Feb2020/Movies/Carrie.fcpbundle/Thanksgiving/Transcoded Media/High Quality Media,HDV_0248.mov,769726282
/Users/eddiedickey/Feb2020/Movies/Carrie.fcpbundle/Thanksgiving/Transcoded Media/High Quality Media,HDV_0247.mov,1040886862
/Users/eddiedickey/Feb2020/Movies/Carrie.fcpbundle/Thanksgiving/Original Media,HDV_0248.mp4,93155310
/Users/eddiedickey/Feb2020/Movies/Carrie.fcpbundle/Thanksgiving/Original Media,HDV_0247.mp4,122365462
/Users/eddiedickey/Feb2020/Movies/Carrie.fcpbundle/Squaw/Transcoded Media/High Quality Media,HDV_0299.mov,521438066
/Users/eddiedickey/Feb2020/Movies/Carrie.fcpbundle/Squaw/Transcoded Media/High Quality Media,HDV_0300.mov,200214606
/Users/eddiedickey/Feb2020/Movies/Carrie.fcpbundle/Squaw/Original Media,HDV_0299.mp4,60568290
/Users/eddiedickey/Feb2020/Movies/Carrie.fcpbundle/Squaw/Original Media,HDV_0300.mp4,23482771
/Users/eddiedickey/Feb2020/Movies/Sandbox.fcpbundle/10-15-14/Transcoded Media/High Quality Media,HDV_0147.mov,400481042
/Users/eddiedickey/Feb2020/Movies/Sandbox.fcpbundle/10-15-14/Original Media,HDV_0147.mp4,48235906
/Users/eddiedickey/Feb2020/Movies/Marin.fcpbundle/Bay Trail at House/Transcoded Media/High Quality Media,2014-05-24 07_40_12 (id).mov,3141691699
/Users/eddiedickey/Feb2020/Movies/Marin.fcpbundle/Bay Trail at House/Original Media,2014-05-24 07_40_12 (id).mov,290045046
/Users/eddiedickey/Feb2020/Movies/Marin.fcpbundle/Tennessee Valley/Transcoded Media/High Quality Media,2014-05-25 17_20_38 (id).mov,1575837943
/Users/eddiedickey/Feb2020/Movies/Marin.fcpbundle/Tennessee Valley/Original Media,2014-05-25 17_20_38 (id).mov,150071052
/Users/eddiedickey/Feb2020/Movies/Marin.fcpbundle/Tennessee Valley Beach/Transcoded Media/High Quality Media,2014-05-25 17_35_36 (id).mov,1529031223
/Users/eddiedickey/Feb2020/Movies/Marin.fcpbundle/Tennessee Valley Beach/Shared Items/f6FogobYQ76RoVxSnS88ZA,2014-05-25 17:35:36 (1920 x 1080).m4v,110695603
/Users/eddiedickey/Feb2020/Movies/Marin.fcpbundle/Tennessee Valley Beach/Original Media,2014-05-25 17_35_36 (id).mov,146131730
/Users/eddiedickey/Feb2020/Movies/Marin.fcpbundle/Lake Lagunitas/Original Media,2014-05-26 14_08_05 (id).mov,1442054334
/Users/eddiedickey/Feb2020/Movies/Marin.fcpbundle/Lake Lagunitas/Original Media,2014-05-26 14_06_59 (id).mov,57028898
/Users/eddiedickey/Feb2020/Movies/Marin.fcpbundle/Lake Lagunitas/Original Media,2014-05-26 14_31_59 (id).mov,3109524
/Users/eddiedickey/Feb2020/Movies/Marin.fcpbundle/Lake Lagunitas/Original Media,2014-05-26 16_13_51 (id).mov,525257268
/Users/eddiedickey/Feb2020/Movies/Marin.fcpbundle/Lake Lagunitas/Original Media,2014-05-26 14_23_00 (id).mov,62502552
/Users/eddiedickey/Feb2020/Movies/Marin.fcpbundle/Lake Lagunitas/Original Media,2014-05-26 14_23_49 (id).mov,19573546
/Users/eddiedickey/Feb2020/Movies/Marin.fcpbundle/Lake Lagunitas/Original Media,2014-05-26 14_05_57 (id).mov,89997882
/Users/eddiedickey/Feb2020/Movies/Marin.fcpbundle/Birds/Transcoded Media/High Quality Media,2014-05-24 07_45_53 (id).mov,880512403
/Users/eddiedickey/Feb2020/Movies/Marin.fcpbundle/Birds/Original Media,2014-05-24 07_45_53 (id).mov,83667926
/Users/eddiedickey/Feb2020/Movies/Tommy Football 2014.fcpbundle/11-02-14/Transcoded Media/High Quality Media,HDV_0239.mov,442751950
/Users/eddiedickey/Feb2020/Movies/Tommy Football 2014.fcpbundle/11-02-14/Transcoded Media/High Quality Media,HDV_0238.mov,148400918
/Users/eddiedickey/Feb2020/Movies/Tommy Football 2014.fcpbundle/11-02-14/Transcoded Media/High Quality Media,HDV_0217.mov,124612226
/Users/eddiedickey/Feb2020/Movies/Tommy Football 2014.fcpbundle/11-02-14/Transcoded Media/High Quality Media,HDV_0228.mov,61384646
/Users/eddiedickey/Feb2020/Movies/Tommy Football 2014.fcpbundle/11-02-14/Transcoded Media/High Quality Media,HDV_0229.mov,176582458
/Users/eddiedickey/Feb2020/Movies/Tommy Football 2014.fcpbundle/11-02-14/Transcoded Media/High Quality Media,HDV_0218.mov,376178274
/Users/eddiedickey/Feb2020/Movies/Tommy Football 2014.fcpbundle/11-02-14/Transcoded Media/High Quality Media,HDV_0230.mov,1760305818
/Users/eddiedickey/Feb2020/Movies/Tommy Football 2014.fcpbundle/11-02-14/Transcoded Media/High Quality Media,HDV_0224.mov,2989932798
/Users/eddiedickey/Feb2020/Movies/Tommy Football 2014.fcpbundle/11-02-14/Transcoded Media/High Quality Media,HDV_0225.mov,273025758
/Users/eddiedickey/Feb2020/Movies/Tommy Football 2014.fcpbundle/11-02-14/Transcoded Media/High Quality Media,HDV_0231.mov,685904438
/Users/eddiedickey/Feb2020/Movies/Tommy Football 2014.fcpbundle/11-02-14/Transcoded Media/High Quality Media,HDV_0219.mov,151151370
/Users/eddiedickey/Feb2020/Movies/Tommy Football 2014.fcpbundle/11-02-14/Transcoded Media/High Quality Media,HDV_0227.mov,373061462
/Users/eddiedickey/Feb2020/Movies/Tommy Football 2014.fcpbundle/11-02-14/Transcoded Media/High Quality Media,HDV_0233.mov,1777422470
/Users/eddiedickey/Feb2020/Movies/Tommy Football 2014.fcpbundle/11-02-14/Transcoded Media/High Quality Media,HDV_0232.mov,331168254
/Users/eddiedickey/Feb2020/Movies/Tommy Football 2014.fcpbundle/11-02-14/Transcoded Media/High Quality Media,HDV_0226.mov,447011638
/Users/eddiedickey/Feb2020/Movies/Tommy Football 2014.fcpbundle/11-02-14/Transcoded Media/High Quality Media,HDV_0222.mov,941473122
/Users/eddiedickey/Feb2020/Movies/Tommy Football 2014.fcpbundle/11-02-14/Transcoded Media/High Quality Media,HDV_0236.mov,419885922
/Users/eddiedickey/Feb2020/Movies/Tommy Football 2014.fcpbundle/11-02-14/Transcoded Media/High Quality Media,HDV_0237.mov,669292078
/Users/eddiedickey/Feb2020/Movies/Tommy Football 2014.fcpbundle/11-02-14/Transcoded Media/High Quality Media,HDV_0223.mov,1495178034
/Users/eddiedickey/Feb2020/Movies/Tommy Football 2014.fcpbundle/11-02-14/Transcoded Media/High Quality Media,HDV_0235.mov,440008702
/Users/eddiedickey/Feb2020/Movies/Tommy Football 2014.fcpbundle/11-02-14/Transcoded Media/High Quality Media,HDV_0221.mov,756352478
/Users/eddiedickey/Feb2020/Movies/Tommy Football 2014.fcpbundle/11-02-14/Transcoded Media/High Quality Media,HDV_0220.mov,73477938
/Users/eddiedickey/Feb2020/Movies/Tommy Football 2014.fcpbundle/11-02-14/Transcoded Media/High Quality Media,HDV_0234.mov,305914522
/Users/eddiedickey/Feb2020/Movies/Tommy Football 2014.fcpbundle/11-02-14/Transcoded Media/High Quality Media,HDV_0240.mov,884597094
/Users/eddiedickey/Feb2020/Movies/Tommy Football 2014.fcpbundle/11-02-14/Original Media,HDV_0239.mp4,51125536
/Users/eddiedickey/Feb2020/Movies/Tommy Football 2014.fcpbundle/11-02-14/Original Media,HDV_0238.mp4,17288985
/Users/eddiedickey/Feb2020/Movies/Tommy Football 2014.fcpbundle/11-02-14/Original Media,HDV_0228.mp4,7140845
/Users/eddiedickey/Feb2020/Movies/Tommy Football 2014.fcpbundle/11-02-14/Original Media,HDV_0229.mp4,20407260
/Users/eddiedickey/Feb2020/Movies/Tommy Football 2014.fcpbundle/11-02-14/Original Media,HDV_0217.mp4,14459314
/Users/eddiedickey/Feb2020/Movies/Tommy Football 2014.fcpbundle/11-02-14/Original Media,HDV_0240.mp4,101927691
/Users/eddiedickey/Feb2020/Movies/Tommy Football 2014.fcpbundle/11-02-14/Original Media,HDV_0233.mp4,205600223
/Users/eddiedickey/Feb2020/Movies/Tommy Football 2014.fcpbundle/11-02-14/Original Media,HDV_0227.mp4,42940874
/Users/eddiedickey/Feb2020/Movies/Tommy Football 2014.fcpbundle/11-02-14/Original Media,HDV_0226.mp4,51405130
/Users/eddiedickey/Feb2020/Movies/Tommy Football 2014.fcpbundle/11-02-14/Original Media,HDV_0232.mp4,38674024
/Users/eddiedickey/Feb2020/Movies/Tommy Football 2014.fcpbundle/11-02-14/Original Media,HDV_0224.mp4,346809678
/Users/eddiedickey/Feb2020/Movies/Tommy Football 2014.fcpbundle/11-02-14/Original Media,HDV_0230.mp4,203172817
/Users/eddiedickey/Feb2020/Movies/Tommy Football 2014.fcpbundle/11-02-14/Original Media,HDV_0218.mp4,43642835
/Users/eddiedickey/Feb2020/Movies/Tommy Football 2014.fcpbundle/11-02-14/Original Media,HDV_0219.mp4,17601333
/Users/eddiedickey/Feb2020/Movies/Tommy Football 2014.fcpbundle/11-02-14/Original Media,HDV_0231.mp4,78988269
/Users/eddiedickey/Feb2020/Movies/Tommy Football 2014.fcpbundle/11-02-14/Original Media,HDV_0225.mp4,31632818
/Users/eddiedickey/Feb2020/Movies/Tommy Football 2014.fcpbundle/11-02-14/Original Media,HDV_0221.mp4,86734700
/Users/eddiedickey/Feb2020/Movies/Tommy Football 2014.fcpbundle/11-02-14/Original Media,HDV_0235.mp4,50477393
/Users/eddiedickey/Feb2020/Movies/Tommy Football 2014.fcpbundle/11-02-14/Original Media,HDV_0234.mp4,35974579
/Users/eddiedickey/Feb2020/Movies/Tommy Football 2014.fcpbundle/11-02-14/Original Media,HDV_0220.mp4,8487917
/Users/eddiedickey/Feb2020/Movies/Tommy Football 2014.fcpbundle/11-02-14/Original Media,HDV_0236.mp4,48949167
/Users/eddiedickey/Feb2020/Movies/Tommy Football 2014.fcpbundle/11-02-14/Original Media,HDV_0222.mp4,106121869
/Users/eddiedickey/Feb2020/Movies/Tommy Football 2014.fcpbundle/11-02-14/Original Media,HDV_0223.mp4,172304062
/Users/eddiedickey/Feb2020/Movies/Tommy Football 2014.fcpbundle/11-02-14/Original Media,HDV_0237.mp4,77791248
/Users/eddiedickey/Feb2020/Movies/Tommy Football 2014.fcpbundle/10-19-14/Transcoded Media/High Quality Media,HDV_0198.mov,1779693062
/Users/eddiedickey/Feb2020/Movies/Tommy Football 2014.fcpbundle/10-19-14/Transcoded Media/High Quality Media,HDV_0167.mov,141658438
/Users/eddiedickey/Feb2020/Movies/Tommy Football 2014.fcpbundle/10-19-14/Transcoded Media/High Quality Media,HDV_0173.mov,73332442
/Users/eddiedickey/Feb2020/Movies/Tommy Football 2014.fcpbundle/10-19-14/Transcoded Media/High Quality Media,HDV_0172.mov,82307878
/Users/eddiedickey/Feb2020/Movies/Tommy Football 2014.fcpbundle/10-19-14/Transcoded Media/High Quality Media,HDV_0166.mov,368582738
/Users/eddiedickey/Feb2020/Movies/Tommy Football 2014.fcpbundle/10-19-14/Transcoded Media/High Quality Media,HDV_0158.mov,49312378
/Users/eddiedickey/Feb2020/Movies/Tommy Football 2014.fcpbundle/10-19-14/Transcoded Media/High Quality Media,HDV_0170.mov,177976986
/Users/eddiedickey/Feb2020/Movies/Tommy Football 2014.fcpbundle/10-19-14/Transcoded Media/High Quality Media,HDV_0164.mov,149119034
/Users/eddiedickey/Feb2020/Movies/Tommy Football 2014.fcpbundle/10-19-14/Transcoded Media/High Quality Media,HDV_0165.mov,169009782
/Users/eddiedickey/Feb2020/Movies/Tommy Football 2014.fcpbundle/10-19-14/Transcoded Media/High Quality Media,HDV_0171.mov,524114878
/Users/eddiedickey/Feb2020/Movies/Tommy Football 2014.fcpbundle/10-19-14/Transcoded Media/High Quality Media,HDV_0159.mov,139042234
/Users/eddiedickey/Feb2020/Movies/Tommy Football 2014.fcpbundle/10-19-14/Transcoded Media/High Quality Media,HDV_0175.mov,555161938
/Users/eddiedickey/Feb2020/Movies/Tommy Football 2014.fcpbundle/10-19-14/Transcoded Media/High Quality Media,HDV_0161.mov,85756418
/Users/eddiedickey/Feb2020/Movies/Tommy Football 2014.fcpbundle/10-19-14/Transcoded Media/High Quality Media,HDV_0149.mov,102451290
/Users/eddiedickey/Feb2020/Movies/Tommy Football 2014.fcpbundle/10-19-14/Transcoded Media/High Quality Media,HDV_0148.mov,179829906
/Users/eddiedickey/Feb2020/Movies/Tommy Football 2014.fcpbundle/10-19-14/Transcoded Media/High Quality Media,HDV_0160.mov,117908630
/Users/eddiedickey/Feb2020/Movies/Tommy Football 2014.fcpbundle/10-19-14/Transcoded Media/High Quality Media,HDV_0174.mov,110021138
/Users/eddiedickey/Feb2020/Movies/Tommy Football 2014.fcpbundle/10-19-14/Transcoded Media/High Quality Media,HDV_0189.mov,181289450
/Users/eddiedickey/Feb2020/Movies/Tommy Football 2014.fcpbundle/10-19-14/Transcoded Media/High Quality Media,HDV_0162.mov,225423418
/Users/eddiedickey/Feb2020/Movies/Tommy Football 2014.fcpbundle/10-19-14/Transcoded Media/High Quality Media,HDV_0176.mov,115445930
/Users/eddiedickey/Feb2020/Movies/Tommy Football 2014.fcpbundle/10-19-14/Transcoded Media/High Quality Media,HDV_0177.mov,220949354
/Users/eddiedickey/Feb2020/Movies/Tommy Football 2014.fcpbundle/10-19-14/Transcoded Media/High Quality Media,HDV_0163.mov,186116466
/Users/eddiedickey/Feb2020/Movies/Tommy Football 2014.fcpbundle/10-19-14/Transcoded Media/High Quality Media,HDV_0188.mov,194294630
/Users/eddiedickey/Feb2020/Movies/Tommy Football 2014.fcpbundle/10-19-14/Transcoded Media/High Quality Media,HDV_0185.mov,72424666
/Users/eddiedickey/Feb2020/Movies/Tommy Football 2014.fcpbundle/10-19-14/Transcoded Media/High Quality Media,HDV_0191.mov,176287290
/Users/eddiedickey/Feb2020/Movies/Tommy Football 2014.fcpbundle/10-19-14/Transcoded Media/High Quality Media,HDV_0152.mov,692954066
/Users/eddiedickey/Feb2020/Movies/Tommy Football 2014.fcpbundle/10-19-14/Transcoded Media/High Quality Media,HDV_0153.mov,148336682
/Users/eddiedickey/Feb2020/Movies/Tommy Football 2014.fcpbundle/10-19-14/Transcoded Media/High Quality Media,HDV_0190.mov,183728654
/Users/eddiedickey/Feb2020/Movies/Tommy Football 2014.fcpbundle/10-19-14/Transcoded Media/High Quality Media,HDV_0184.mov,154782938
/Users/eddiedickey/Feb2020/Movies/Tommy Football 2014.fcpbundle/10-19-14/Transcoded Media/High Quality Media,HDV_0192.mov,139677958
/Users/eddiedickey/Feb2020/Movies/Tommy Football 2014.fcpbundle/10-19-14/Transcoded Media/High Quality Media,HDV_0186.mov,176690558
/Users/eddiedickey/Feb2020/Movies/Tommy Football 2014.fcpbundle/10-19-14/Transcoded Media/High Quality Media,HDV_0179.mov,301636062
/Users/eddiedickey/Feb2020/Movies/Tommy Football 2014.fcpbundle/10-19-14/Transcoded Media/High Quality Media,HDV_0151.mov,375387142
/Users/eddiedickey/Feb2020/Movies/Tommy Football 2014.fcpbundle/10-19-14/Transcoded Media/High Quality Media,HDV_0150.mov,202980418
/Users/eddiedickey/Feb2020/Movies/Tommy Football 2014.fcpbundle/10-19-14/Transcoded Media/High Quality Media,HDV_0178.mov,311185882
/Users/eddiedickey/Feb2020/Movies/Tommy Football 2014.fcpbundle/10-19-14/Transcoded Media/High Quality Media,HDV_0187.mov,176418362
/Users/eddiedickey/Feb2020/Movies/Tommy Football 2014.fcpbundle/10-19-14/Transcoded Media/High Quality Media,HDV_0193.mov,68493746
/Users/eddiedickey/Feb2020/Movies/Tommy Football 2014.fcpbundle/10-19-14/Transcoded Media/High Quality Media,HDV_0197.mov,457185706
/Users/eddiedickey/Feb2020/Movies/Tommy Football 2014.fcpbundle/10-19-14/Transcoded Media/High Quality Media,HDV_0183.mov,184786514
/Users/eddiedickey/Feb2020/Movies/Tommy Football 2014.fcpbundle/10-19-14/Transcoded Media/High Quality Media,HDV_0154.mov,70733186
/Users/eddiedickey/Feb2020/Movies/Tommy Football 2014.fcpbundle/10-19-14/Transcoded Media/High Quality Media,HDV_0168.mov,181160554
/Users/eddiedickey/Feb2020/Movies/Tommy Football 2014.fcpbundle/10-19-14/Transcoded Media/High Quality Media,HDV_0169.mov,281825586
/Users/eddiedickey/Feb2020/Movies/Tommy Football 2014.fcpbundle/10-19-14/Transcoded Media/High Quality Media,HDV_0155.mov,190854366
/Users/eddiedickey/Feb2020/Movies/Tommy Football 2014.fcpbundle/10-19-14/Transcoded Media/High Quality Media,HDV_0182.mov,135058138
/Users/eddiedickey/Feb2020/Movies/Tommy Football 2014.fcpbundle/10-19-14/Transcoded Media/High Quality Media,HDV_0196.mov,145737698
/Users/eddiedickey/Feb2020/Movies/Tommy Football 2014.fcpbundle/10-19-14/Transcoded Media/High Quality Media,HDV_0180.mov,128279730
/Users/eddiedickey/Feb2020/Movies/Tommy Football 2014.fcpbundle/10-19-14/Transcoded Media/High Quality Media,HDV_0194.mov,104586250
/Users/eddiedickey/Feb2020/Movies/Tommy Football 2014.fcpbundle/10-19-14/Transcoded Media/High Quality Media,HDV_0157.mov,35525682
/Users/eddiedickey/Feb2020/Movies/Tommy Football 2014.fcpbundle/10-19-14/Transcoded Media/High Quality Media,HDV_0156.mov,138205574
/Users/eddiedickey/Feb2020/Movies/Tommy Football 2014.fcpbundle/10-19-14/Transcoded Media/High Quality Media,HDV_0195.mov,111102730
/Users/eddiedickey/Feb2020/Movies/Tommy Football 2014.fcpbundle/10-19-14/Transcoded Media/High Quality Media,HDV_0181.mov,149952834
/Users/eddiedickey/Feb2020/Movies/Tommy Football 2014.fcpbundle/10-19-14/Original Media,HDV_0164.mp4,17319363
/Users/eddiedickey/Feb2020/Movies/Tommy Football 2014.fcpbundle/10-19-14/Original Media,HDV_0170.mp4,20499061
/Users/eddiedickey/Feb2020/Movies/Tommy Football 2014.fcpbundle/10-19-14/Original Media,HDV_0158.mp4,5745717
/Users/eddiedickey/Feb2020/Movies/Tommy Football 2014.fcpbundle/10-19-14/Original Media,HDV_0159.mp4,16185810
/Users/eddiedickey/Feb2020/Movies/Tommy Football 2014.fcpbundle/10-19-14/Original Media,HDV_0171.mp4,55728380
/Users/eddiedickey/Feb2020/Movies/Tommy Football 2014.fcpbundle/10-19-14/Original Media,HDV_0165.mp4,19627733
/Users/eddiedickey/Feb2020/Movies/Tommy Football 2014.fcpbundle/10-19-14/Original Media,HDV_0173.mp4,8627433
/Users/eddiedickey/Feb2020/Movies/Tommy Football 2014.fcpbundle/10-19-14/Original Media,HDV_0167.mp4,16367121
/Users/eddiedickey/Feb2020/Movies/Tommy Football 2014.fcpbundle/10-19-14/Original Media,HDV_0198.mp4,205285293
/Users/eddiedickey/Feb2020/Movies/Tommy Football 2014.fcpbundle/10-19-14/Original Media,HDV_0166.mp4,42531470
/Users/eddiedickey/Feb2020/Movies/Tommy Football 2014.fcpbundle/10-19-14/Original Media,HDV_0172.mp4,9657031
/Users/eddiedickey/Feb2020/Movies/Tommy Football 2014.fcpbundle/10-19-14/Original Media,HDV_0176.mp4,13570108
/Users/eddiedickey/Feb2020/Movies/Tommy Football 2014.fcpbundle/10-19-14/Original Media,HDV_0162.mp4,26075430
/Users/eddiedickey/Feb2020/Movies/Tommy Football 2014.fcpbundle/10-19-14/Original Media,HDV_0189.mp4,20804815
/Users/eddiedickey/Feb2020/Movies/Tommy Football 2014.fcpbundle/10-19-14/Original Media,HDV_0188.mp4,22145495
/Users/eddiedickey/Feb2020/Movies/Tommy Football 2014.fcpbundle/10-19-14/Original Media,HDV_0163.mp4,21504189
/Users/eddiedickey/Feb2020/Movies/Tommy Football 2014.fcpbundle/10-19-14/Original Media,HDV_0177.mp4,25210216
/Users/eddiedickey/Feb2020/Movies/Tommy Football 2014.fcpbundle/10-19-14/Original Media,HDV_0149.mp4,11541936
/Users/eddiedickey/Feb2020/Movies/Tommy Football 2014.fcpbundle/10-19-14/Original Media,HDV_0161.mp4,9956851
/Users/eddiedickey/Feb2020/Movies/Tommy Football 2014.fcpbundle/10-19-14/Original Media,HDV_0175.mp4,63579394
/Users/eddiedickey/Feb2020/Movies/Tommy Football 2014.fcpbundle/10-19-14/Original Media,HDV_0174.mp4,12791318
/Users/eddiedickey/Feb2020/Movies/Tommy Football 2014.fcpbundle/10-19-14/Original Media,HDV_0160.mp4,13707100
/Users/eddiedickey/Feb2020/Movies/Tommy Football 2014.fcpbundle/10-19-14/Original Media,HDV_0148.mp4,21026119
/Users/eddiedickey/Feb2020/Movies/Tommy Football 2014.fcpbundle/10-19-14/Original Media,HDV_0151.mp4,43452606
/Users/eddiedickey/Feb2020/Movies/Tommy Football 2014.fcpbundle/10-19-14/Original Media,HDV_0179.mp4,34681321
/Users/eddiedickey/Feb2020/Movies/Tommy Football 2014.fcpbundle/10-19-14/Original Media,HDV_0186.mp4,20495820
/Users/eddiedickey/Feb2020/Movies/Tommy Football 2014.fcpbundle/10-19-14/Original Media,HDV_0192.mp4,16495589
/Users/eddiedickey/Feb2020/Movies/Tommy Football 2014.fcpbundle/10-19-14/Original Media,HDV_0193.mp4,7789287
/Users/eddiedickey/Feb2020/Movies/Tommy Football 2014.fcpbundle/10-19-14/Original Media,HDV_0187.mp4,20092274
/Users/eddiedickey/Feb2020/Movies/Tommy Football 2014.fcpbundle/10-19-14/Original Media,HDV_0178.mp4,35996881
/Users/eddiedickey/Feb2020/Movies/Tommy Football 2014.fcpbundle/10-19-14/Original Media,HDV_0150.mp4,23754059
/Users/eddiedickey/Feb2020/Movies/Tommy Football 2014.fcpbundle/10-19-14/Original Media,HDV_0152.mp4,78460142
/Users/eddiedickey/Feb2020/Movies/Tommy Football 2014.fcpbundle/10-19-14/Original Media,HDV_0191.mp4,20338473
/Users/eddiedickey/Feb2020/Movies/Tommy Football 2014.fcpbundle/10-19-14/Original Media,HDV_0185.mp4,8360452
/Users/eddiedickey/Feb2020/Movies/Tommy Football 2014.fcpbundle/10-19-14/Original Media,HDV_0184.mp4,17812404
/Users/eddiedickey/Feb2020/Movies/Tommy Football 2014.fcpbundle/10-19-14/Original Media,HDV_0190.mp4,21069403
/Users/eddiedickey/Feb2020/Movies/Tommy Football 2014.fcpbundle/10-19-14/Original Media,HDV_0153.mp4,17168649
/Users/eddiedickey/Feb2020/Movies/Tommy Football 2014.fcpbundle/10-19-14/Original Media,HDV_0157.mp4,4137580
/Users/eddiedickey/Feb2020/Movies/Tommy Football 2014.fcpbundle/10-19-14/Original Media,HDV_0194.mp4,12040615
/Users/eddiedickey/Feb2020/Movies/Tommy Football 2014.fcpbundle/10-19-14/Original Media,HDV_0180.mp4,14814615
/Users/eddiedickey/Feb2020/Movies/Tommy Football 2014.fcpbundle/10-19-14/Original Media,HDV_0181.mp4,17326037
/Users/eddiedickey/Feb2020/Movies/Tommy Football 2014.fcpbundle/10-19-14/Original Media,HDV_0195.mp4,12905487
/Users/eddiedickey/Feb2020/Movies/Tommy Football 2014.fcpbundle/10-19-14/Original Media,HDV_0156.mp4,16166307
/Users/eddiedickey/Feb2020/Movies/Tommy Football 2014.fcpbundle/10-19-14/Original Media,HDV_0168.mp4,20918908
/Users/eddiedickey/Feb2020/Movies/Tommy Football 2014.fcpbundle/10-19-14/Original Media,HDV_0154.mp4,8161000
/Users/eddiedickey/Feb2020/Movies/Tommy Football 2014.fcpbundle/10-19-14/Original Media,HDV_0183.mp4,21546520
/Users/eddiedickey/Feb2020/Movies/Tommy Football 2014.fcpbundle/10-19-14/Original Media,HDV_0197.mp4,52667075
/Users/eddiedickey/Feb2020/Movies/Tommy Football 2014.fcpbundle/10-19-14/Original Media,HDV_0196.mp4,16770617
/Users/eddiedickey/Feb2020/Movies/Tommy Football 2014.fcpbundle/10-19-14/Original Media,HDV_0182.mp4,15714115
/Users/eddiedickey/Feb2020/Movies/Tommy Football 2014.fcpbundle/10-19-14/Original Media,HDV_0155.mp4,21908387
/Users/eddiedickey/Feb2020/Movies/Tommy Football 2014.fcpbundle/10-19-14/Original Media,HDV_0169.mp4,32119337
/Users/eddiedickey/Feb2020/Movies/Tommy Football 2014.fcpbundle/10-5-14/Transcoded Media/High Quality Media,HDV_0013.mov,111348966
/Users/eddiedickey/Feb2020/Movies/Tommy Football 2014.fcpbundle/10-5-14/Transcoded Media/High Quality Media,HDV_0007.mov,1095373426
/Users/eddiedickey/Feb2020/Movies/Tommy Football 2014.fcpbundle/10-5-14/Transcoded Media/High Quality Media,HDV_0006.mov,271773974
/Users/eddiedickey/Feb2020/Movies/Tommy Football 2014.fcpbundle/10-5-14/Transcoded Media/High Quality Media,HDV_0012.mov,198374558
/Users/eddiedickey/Feb2020/Movies/Tommy Football 2014.fcpbundle/10-5-14/Transcoded Media/High Quality Media,HDV_0010.mov,286231494
/Users/eddiedickey/Feb2020/Movies/Tommy Football 2014.fcpbundle/10-5-14/Transcoded Media/High Quality Media,HDV_0011.mov,1045217350
/Users/eddiedickey/Feb2020/Movies/Tommy Football 2014.fcpbundle/10-5-14/Transcoded Media/High Quality Media,HDV_0005.mov,207882130
/Users/eddiedickey/Feb2020/Movies/Tommy Football 2014.fcpbundle/10-5-14/Transcoded Media/High Quality Media,HDV_0015.mov,441416978
/Users/eddiedickey/Feb2020/Movies/Tommy Football 2014.fcpbundle/10-5-14/Transcoded Media/High Quality Media,HDV_0028.mov,405351030
/Users/eddiedickey/Feb2020/Movies/Tommy Football 2014.fcpbundle/10-5-14/Transcoded Media/High Quality Media,HDV_0014.mov,448102242
/Users/eddiedickey/Feb2020/Movies/Tommy Football 2014.fcpbundle/10-5-14/Transcoded Media/High Quality Media,HDV_0016.mov,655954414
/Users/eddiedickey/Feb2020/Movies/Tommy Football 2014.fcpbundle/10-5-14/Transcoded Media/High Quality Media,HDV_0017.mov,147215390
/Users/eddiedickey/Feb2020/Movies/Tommy Football 2014.fcpbundle/10-5-14/Transcoded Media/High Quality Media,HDV_0026.mov,404717046
/Users/eddiedickey/Feb2020/Movies/Tommy Football 2014.fcpbundle/10-5-14/Transcoded Media/High Quality Media,HDV_0027.mov,217853826
/Users/eddiedickey/Feb2020/Movies/Tommy Football 2014.fcpbundle/10-5-14/Transcoded Media/High Quality Media,HDV_0019.mov,552707522
/Users/eddiedickey/Feb2020/Movies/Tommy Football 2014.fcpbundle/10-5-14/Transcoded Media/High Quality Media,HDV_0025.mov,376946566
/Users/eddiedickey/Feb2020/Movies/Tommy Football 2014.fcpbundle/10-5-14/Transcoded Media/High Quality Media,HDV_0024.mov,609440742
/Users/eddiedickey/Feb2020/Movies/Tommy Football 2014.fcpbundle/10-5-14/Transcoded Media/High Quality Media,HDV_0018.mov,309316914
/Users/eddiedickey/Feb2020/Movies/Tommy Football 2014.fcpbundle/10-5-14/Transcoded Media/High Quality Media,HDV_0020.mov,1327759838
/Users/eddiedickey/Feb2020/Movies/Tommy Football 2014.fcpbundle/10-5-14/Transcoded Media/High Quality Media,HDV_0008.mov,846757094
/Users/eddiedickey/Feb2020/Movies/Tommy Football 2014.fcpbundle/10-5-14/Transcoded Media/High Quality Media,HDV_0009.mov,148067210
/Users/eddiedickey/Feb2020/Movies/Tommy Football 2014.fcpbundle/10-5-14/Transcoded Media/High Quality Media,HDV_0021.mov,380057574
/Users/eddiedickey/Feb2020/Movies/Tommy Football 2014.fcpbundle/10-5-14/Transcoded Media/High Quality Media,HDV_0023.mov,371466386
/Users/eddiedickey/Feb2020/Movies/Tommy Football 2014.fcpbundle/10-5-14/Transcoded Media/High Quality Media,HDV_0022.mov,985840626
/Users/eddiedickey/Feb2020/Movies/Tommy Football 2014.fcpbundle/10-5-14/Original Media,HDV_0010.mp4,33578908
/Users/eddiedickey/Feb2020/Movies/Tommy Football 2014.fcpbundle/10-5-14/Original Media,HDV_0005.mp4,24384391
/Users/eddiedickey/Feb2020/Movies/Tommy Football 2014.fcpbundle/10-5-14/Original Media,HDV_0011.mp4,121428781
/Users/eddiedickey/Feb2020/Movies/Tommy Football 2014.fcpbundle/10-5-14/Original Media,HDV_0007.mp4,127943802
/Users/eddiedickey/Feb2020/Movies/Tommy Football 2014.fcpbundle/10-5-14/Original Media,HDV_0013.mp4,12785167
/Users/eddiedickey/Feb2020/Movies/Tommy Football 2014.fcpbundle/10-5-14/Original Media,HDV_0012.mp4,23006569
/Users/eddiedickey/Feb2020/Movies/Tommy Football 2014.fcpbundle/10-5-14/Original Media,HDV_0006.mp4,31893268
/Users/eddiedickey/Feb2020/Movies/Tommy Football 2014.fcpbundle/10-5-14/Original Media,HDV_0016.mp4,76708160
/Users/eddiedickey/Feb2020/Movies/Tommy Football 2014.fcpbundle/10-5-14/Original Media,HDV_0017.mp4,17208098
/Users/eddiedickey/Feb2020/Movies/Tommy Football 2014.fcpbundle/10-5-14/Original Media,HDV_0015.mp4,51771049
/Users/eddiedickey/Feb2020/Movies/Tommy Football 2014.fcpbundle/10-5-14/Original Media,HDV_0014.mp4,52150643
/Users/eddiedickey/Feb2020/Movies/Tommy Football 2014.fcpbundle/10-5-14/Original Media,HDV_0028.mp4,47200672
/Users/eddiedickey/Feb2020/Movies/Tommy Football 2014.fcpbundle/10-5-14/Original Media,HDV_0025.mp4,44176872
/Users/eddiedickey/Feb2020/Movies/Tommy Football 2014.fcpbundle/10-5-14/Original Media,HDV_0019.mp4,64522054
/Users/eddiedickey/Feb2020/Movies/Tommy Football 2014.fcpbundle/10-5-14/Original Media,HDV_0018.mp4,35894231
/Users/eddiedickey/Feb2020/Movies/Tommy Football 2014.fcpbundle/10-5-14/Original Media,HDV_0024.mp4,71028932
/Users/eddiedickey/Feb2020/Movies/Tommy Football 2014.fcpbundle/10-5-14/Original Media,HDV_0026.mp4,47333018
/Users/eddiedickey/Feb2020/Movies/Tommy Football 2014.fcpbundle/10-5-14/Original Media,HDV_0027.mp4,25411741
/Users/eddiedickey/Feb2020/Movies/Tommy Football 2014.fcpbundle/10-5-14/Original Media,HDV_0023.mp4,43448356
/Users/eddiedickey/Feb2020/Movies/Tommy Football 2014.fcpbundle/10-5-14/Original Media,HDV_0022.mp4,115344678
/Users/eddiedickey/Feb2020/Movies/Tommy Football 2014.fcpbundle/10-5-14/Original Media,HDV_0008.mp4,98719439
/Users/eddiedickey/Feb2020/Movies/Tommy Football 2014.fcpbundle/10-5-14/Original Media,HDV_0020.mp4,155190127
/Users/eddiedickey/Feb2020/Movies/Tommy Football 2014.fcpbundle/10-5-14/Original Media,HDV_0021.mp4,44255966
/Users/eddiedickey/Feb2020/Movies/Tommy Football 2014.fcpbundle/10-5-14/Original Media,HDV_0009.mp4,17251559
/Users/eddiedickey/Feb2020/Movies/Tommy Football 2014.fcpbundle/10-26-14/Transcoded Media/High Quality Media,HDV_0211.mov,3407889438
/Users/eddiedickey/Feb2020/Movies/Tommy Football 2014.fcpbundle/10-26-14/Transcoded Media/High Quality Media,HDV_0205.mov,158339802
/Users/eddiedickey/Feb2020/Movies/Tommy Football 2014.fcpbundle/10-26-14/Transcoded Media/High Quality Media,HDV_0204.mov,302738626
/Users/eddiedickey/Feb2020/Movies/Tommy Football 2014.fcpbundle/10-26-14/Transcoded Media/High Quality Media,HDV_0210.mov,812363678
/Users/eddiedickey/Feb2020/Movies/Tommy Football 2014.fcpbundle/10-26-14/Transcoded Media/High Quality Media,HDV_0199.mov,113970898
/Users/eddiedickey/Feb2020/Movies/Tommy Football 2014.fcpbundle/10-26-14/Transcoded Media/High Quality Media,HDV_0206.mov,232136782
/Users/eddiedickey/Feb2020/Movies/Tommy Football 2014.fcpbundle/10-26-14/Transcoded Media/High Quality Media,HDV_0212.mov,146703274
/Users/eddiedickey/Feb2020/Movies/Tommy Football 2014.fcpbundle/10-26-14/Transcoded Media/High Quality Media,HDV_0213.mov,305899442
/Users/eddiedickey/Feb2020/Movies/Tommy Football 2014.fcpbundle/10-26-14/Transcoded Media/High Quality Media,HDV_0207.mov,669497698
/Users/eddiedickey/Feb2020/Movies/Tommy Football 2014.fcpbundle/10-26-14/Transcoded Media/High Quality Media,HDV_0203.mov,215798202
/Users/eddiedickey/Feb2020/Movies/Tommy Football 2014.fcpbundle/10-26-14/Transcoded Media/High Quality Media,HDV_0216.mov,26776274
/Users/eddiedickey/Feb2020/Movies/Tommy Football 2014.fcpbundle/10-26-14/Transcoded Media/High Quality Media,HDV_0202.mov,104669678
/Users/eddiedickey/Feb2020/Movies/Tommy Football 2014.fcpbundle/10-26-14/Transcoded Media/High Quality Media,HDV_0214.mov,259268802
/Users/eddiedickey/Feb2020/Movies/Tommy Football 2014.fcpbundle/10-26-14/Transcoded Media/High Quality Media,HDV_0200.mov,175339834
/Users/eddiedickey/Feb2020/Movies/Tommy Football 2014.fcpbundle/10-26-14/Transcoded Media/High Quality Media,HDV_0201.mov,130365558
/Users/eddiedickey/Feb2020/Movies/Tommy Football 2014.fcpbundle/10-26-14/Transcoded Media/High Quality Media,HDV_0215.mov,356286078
/Users/eddiedickey/Feb2020/Movies/Tommy Football 2014.fcpbundle/10-26-14/Transcoded Media/High Quality Media,HDV_0209.mov,782947170
/Users/eddiedickey/Feb2020/Movies/Tommy Football 2014.fcpbundle/10-26-14/Transcoded Media/High Quality Media,HDV_0208.mov,296396010
/Users/eddiedickey/Feb2020/Movies/Tommy Football 2014.fcpbundle/10-26-14/Original Media,HDV_0212.mp4,16840914
/Users/eddiedickey/Feb2020/Movies/Tommy Football 2014.fcpbundle/10-26-14/Original Media,HDV_0206.mp4,26629926
/Users/eddiedickey/Feb2020/Movies/Tommy Football 2014.fcpbundle/10-26-14/Original Media,HDV_0207.mp4,78109870
/Users/eddiedickey/Feb2020/Movies/Tommy Football 2014.fcpbundle/10-26-14/Original Media,HDV_0213.mp4,35083415
/Users/eddiedickey/Feb2020/Movies/Tommy Football 2014.fcpbundle/10-26-14/Original Media,HDV_0205.mp4,18199722
/Users/eddiedickey/Feb2020/Movies/Tommy Football 2014.fcpbundle/10-26-14/Original Media,HDV_0211.mp4,388679704
/Users/eddiedickey/Feb2020/Movies/Tommy Football 2014.fcpbundle/10-26-14/Original Media,HDV_0199.mp4,13192430
/Users/eddiedickey/Feb2020/Movies/Tommy Football 2014.fcpbundle/10-26-14/Original Media,HDV_0210.mp4,94025176
/Users/eddiedickey/Feb2020/Movies/Tommy Football 2014.fcpbundle/10-26-14/Original Media,HDV_0204.mp4,34799222
/Users/eddiedickey/Feb2020/Movies/Tommy Football 2014.fcpbundle/10-26-14/Original Media,HDV_0200.mp4,20152284
/Users/eddiedickey/Feb2020/Movies/Tommy Football 2014.fcpbundle/10-26-14/Original Media,HDV_0214.mp4,29920861
/Users/eddiedickey/Feb2020/Movies/Tommy Football 2014.fcpbundle/10-26-14/Original Media,HDV_0215.mp4,41243931
/Users/eddiedickey/Feb2020/Movies/Tommy Football 2014.fcpbundle/10-26-14/Original Media,HDV_0201.mp4,15014362
/Users/eddiedickey/Feb2020/Movies/Tommy Football 2014.fcpbundle/10-26-14/Original Media,HDV_0203.mp4,24765078
/Users/eddiedickey/Feb2020/Movies/Tommy Football 2014.fcpbundle/10-26-14/Original Media,HDV_0202.mp4,12016306
/Users/eddiedickey/Feb2020/Movies/Tommy Football 2014.fcpbundle/10-26-14/Original Media,HDV_0216.mp4,3200758
/Users/eddiedickey/Feb2020/Movies/Tommy Football 2014.fcpbundle/10-26-14/Original Media,HDV_0209.mp4,89982295
/Users/eddiedickey/Feb2020/Movies/Tommy Football 2014.fcpbundle/10-26-14/Original Media,HDV_0208.mp4,34787929
/Users/eddiedickey/Feb2020/Movies/Tommy Football 2014.fcpbundle/10-12-14/Transcoded Media/High Quality Media,Clip #5.mov,453367478
/Users/eddiedickey/Feb2020/Movies/Tommy Football 2014.fcpbundle/10-12-14/Transcoded Media/High Quality Media,Clip #4.mov,595078286
/Users/eddiedickey/Feb2020/Movies/Tommy Football 2014.fcpbundle/10-12-14/Transcoded Media/High Quality Media,Clip #6.mov,206618166
/Users/eddiedickey/Feb2020/Movies/Tommy Football 2014.fcpbundle/10-12-14/Transcoded Media/High Quality Media,Clip #7.mov,474782946
/Users/eddiedickey/Feb2020/Movies/Tommy Football 2014.fcpbundle/10-12-14/Transcoded Media/High Quality Media,Clip #3.mov,369386486
/Users/eddiedickey/Feb2020/Movies/Tommy Football 2014.fcpbundle/10-12-14/Transcoded Media/High Quality Media,Clip #2.mov,226170194
/Users/eddiedickey/Feb2020/Movies/Tommy Football 2014.fcpbundle/10-12-14/Transcoded Media/High Quality Media,Clip #1.mov,133067522
/Users/eddiedickey/Feb2020/Movies/Tommy Football 2014.fcpbundle/10-12-14/Transcoded Media/High Quality Media,Clip #34.mov,102876186
/Users/eddiedickey/Feb2020/Movies/Tommy Football 2014.fcpbundle/10-12-14/Transcoded Media/High Quality Media,Clip #20.mov,192324582
/Users/eddiedickey/Feb2020/Movies/Tommy Football 2014.fcpbundle/10-12-14/Transcoded Media/High Quality Media,Clip #21.mov,225650182
/Users/eddiedickey/Feb2020/Movies/Tommy Football 2014.fcpbundle/10-12-14/Transcoded Media/High Quality Media,Clip #35.mov,387962022
/Users/eddiedickey/Feb2020/Movies/Tommy Football 2014.fcpbundle/10-12-14/Transcoded Media/High Quality Media,Clip #23.mov,600553922
/Users/eddiedickey/Feb2020/Movies/Tommy Football 2014.fcpbundle/10-12-14/Transcoded Media/High Quality Media,Clip #36.mov,594813198
/Users/eddiedickey/Feb2020/Movies/Tommy Football 2014.fcpbundle/10-12-14/Transcoded Media/High Quality Media,Clip #22.mov,624319422
/Users/eddiedickey/Feb2020/Movies/Tommy Football 2014.fcpbundle/10-12-14/Transcoded Media/High Quality Media,Clip #26.mov,1270418734
/Users/eddiedickey/Feb2020/Movies/Tommy Football 2014.fcpbundle/10-12-14/Transcoded Media/High Quality Media,Clip #32.mov,224179110
/Users/eddiedickey/Feb2020/Movies/Tommy Football 2014.fcpbundle/10-12-14/Transcoded Media/High Quality Media,Clip #33.mov,354099154
/Users/eddiedickey/Feb2020/Movies/Tommy Football 2014.fcpbundle/10-12-14/Transcoded Media/High Quality Media,Clip #27.mov,838167670
/Users/eddiedickey/Feb2020/Movies/Tommy Football 2014.fcpbundle/10-12-14/Transcoded Media/High Quality Media,Clip #31.mov,207918886
/Users/eddiedickey/Feb2020/Movies/Tommy Football 2014.fcpbundle/10-12-14/Transcoded Media/High Quality Media,Clip #25.mov,309953554
/Users/eddiedickey/Feb2020/Movies/Tommy Football 2014.fcpbundle/10-12-14/Transcoded Media/High Quality Media,Clip #19.mov,176938030
/Users/eddiedickey/Feb2020/Movies/Tommy Football 2014.fcpbundle/10-12-14/Transcoded Media/High Quality Media,Clip #18.mov,639755690
/Users/eddiedickey/Feb2020/Movies/Tommy Football 2014.fcpbundle/10-12-14/Transcoded Media/High Quality Media,Clip #24.mov,233926310
/Users/eddiedickey/Feb2020/Movies/Tommy Football 2014.fcpbundle/10-12-14/Transcoded Media/High Quality Media,Clip #30.mov,506785530
/Users/eddiedickey/Feb2020/Movies/Tommy Football 2014.fcpbundle/10-12-14/Transcoded Media/High Quality Media,Clip #29.mov,244229598
/Users/eddiedickey/Feb2020/Movies/Tommy Football 2014.fcpbundle/10-12-14/Transcoded Media/High Quality Media,Clip #15.mov,857531586
/Users/eddiedickey/Feb2020/Movies/Tommy Football 2014.fcpbundle/10-12-14/Transcoded Media/High Quality Media,Clip #14.mov,115496622
/Users/eddiedickey/Feb2020/Movies/Tommy Football 2014.fcpbundle/10-12-14/Transcoded Media/High Quality Media,Clip #28.mov,455103586
/Users/eddiedickey/Feb2020/Movies/Tommy Football 2014.fcpbundle/10-12-14/Transcoded Media/High Quality Media,Clip #16.mov,272548246
/Users/eddiedickey/Feb2020/Movies/Tommy Football 2014.fcpbundle/10-12-14/Transcoded Media/High Quality Media,Clip #17.mov,289738078
/Users/eddiedickey/Feb2020/Movies/Tommy Football 2014.fcpbundle/10-12-14/Transcoded Media/High Quality Media,Clip #13.mov,434509722
/Users/eddiedickey/Feb2020/Movies/Tommy Football 2014.fcpbundle/10-12-14/Transcoded Media/High Quality Media,Clip #12.mov,119639390
/Users/eddiedickey/Feb2020/Movies/Tommy Football 2014.fcpbundle/10-12-14/Transcoded Media/High Quality Media,Clip #10.mov,180581694
/Users/eddiedickey/Feb2020/Movies/Tommy Football 2014.fcpbundle/10-12-14/Transcoded Media/High Quality Media,Clip #11.mov,280426042
/Users/eddiedickey/Feb2020/Movies/Tommy Football 2014.fcpbundle/10-12-14/Transcoded Media/High Quality Media,Clip #9.mov,291998626
/Users/eddiedickey/Feb2020/Movies/Tommy Football 2014.fcpbundle/10-12-14/Transcoded Media/High Quality Media,Clip #8.mov,200425570
/Users/eddiedickey/Feb2020/Movies/Tommy Football 2014.fcpbundle/10-12-14/Original Media,Clip #5.mov,43027154
/Users/eddiedickey/Feb2020/Movies/Tommy Football 2014.fcpbundle/10-12-14/Original Media,Clip #4.mov,57078050
/Users/eddiedickey/Feb2020/Movies/Tommy Football 2014.fcpbundle/10-12-14/Original Media,Clip #6.mov,19565354
/Users/eddiedickey/Feb2020/Movies/Tommy Football 2014.fcpbundle/10-12-14/Original Media,Clip #7.mov,44514402
/Users/eddiedickey/Feb2020/Movies/Tommy Football 2014.fcpbundle/10-12-14/Original Media,Clip #3.mov,35123922
/Users/eddiedickey/Feb2020/Movies/Tommy Football 2014.fcpbundle/10-12-14/Original Media,Clip #2.mov,21103818
/Users/eddiedickey/Feb2020/Movies/Tommy Football 2014.fcpbundle/10-12-14/Original Media,Clip #1.mov,12618748
/Users/eddiedickey/Feb2020/Movies/Tommy Football 2014.fcpbundle/10-12-14/Original Media,Clip #34.mov,9427181
/Users/eddiedickey/Feb2020/Movies/Tommy Football 2014.fcpbundle/10-12-14/Original Media,Clip #20.mov,17979791
/Users/eddiedickey/Feb2020/Movies/Tommy Football 2014.fcpbundle/10-12-14/Original Media,Clip #21.mov,21103815
/Users/eddiedickey/Feb2020/Movies/Tommy Football 2014.fcpbundle/10-12-14/Original Media,Clip #35.mov,36732015
/Users/eddiedickey/Feb2020/Movies/Tommy Football 2014.fcpbundle/10-12-14/Original Media,Clip #23.mov,55545711
/Users/eddiedickey/Feb2020/Movies/Tommy Football 2014.fcpbundle/10-12-14/Original Media,Clip #36.mov,56299593
/Users/eddiedickey/Feb2020/Movies/Tommy Football 2014.fcpbundle/10-12-14/Original Media,Clip #22.mov,58593971
/Users/eddiedickey/Feb2020/Movies/Tommy Football 2014.fcpbundle/10-12-14/Original Media,Clip #26.mov,120346893
/Users/eddiedickey/Feb2020/Movies/Tommy Football 2014.fcpbundle/10-12-14/Original Media,Clip #32.mov,21091527
/Users/eddiedickey/Feb2020/Movies/Tommy Football 2014.fcpbundle/10-12-14/Original Media,Clip #33.mov,32866453
/Users/eddiedickey/Feb2020/Movies/Tommy Football 2014.fcpbundle/10-12-14/Original Media,Clip #27.mov,78188129
/Users/eddiedickey/Feb2020/Movies/Tommy Football 2014.fcpbundle/10-12-14/Original Media,Clip #31.mov,19585835
/Users/eddiedickey/Feb2020/Movies/Tommy Football 2014.fcpbundle/10-12-14/Original Media,Clip #25.mov,28939419
/Users/eddiedickey/Feb2020/Movies/Tommy Football 2014.fcpbundle/10-12-14/Original Media,Clip #19.mov,16424959
/Users/eddiedickey/Feb2020/Movies/Tommy Football 2014.fcpbundle/10-12-14/Original Media,Clip #18.mov,60224571
/Users/eddiedickey/Feb2020/Movies/Tommy Football 2014.fcpbundle/10-12-14/Original Media,Clip #24.mov,21902729
/Users/eddiedickey/Feb2020/Movies/Tommy Football 2014.fcpbundle/10-12-14/Original Media,Clip #30.mov,47660939
/Users/eddiedickey/Feb2020/Movies/Tommy Football 2014.fcpbundle/10-12-14/Original Media,Clip #29.mov,22693463
/Users/eddiedickey/Feb2020/Movies/Tommy Football 2014.fcpbundle/10-12-14/Original Media,Clip #15.mov,81303961
/Users/eddiedickey/Feb2020/Movies/Tommy Football 2014.fcpbundle/10-12-14/Original Media,Clip #14.mov,10949245
/Users/eddiedickey/Feb2020/Movies/Tommy Football 2014.fcpbundle/10-12-14/Original Media,Clip #28.mov,42197509
/Users/eddiedickey/Feb2020/Movies/Tommy Football 2014.fcpbundle/10-12-14/Original Media,Clip #16.mov,25041057
/Users/eddiedickey/Feb2020/Movies/Tommy Football 2014.fcpbundle/10-12-14/Original Media,Clip #17.mov,27349771
/Users/eddiedickey/Feb2020/Movies/Tommy Football 2014.fcpbundle/10-12-14/Original Media,Clip #13.mov,40650869
/Users/eddiedickey/Feb2020/Movies/Tommy Football 2014.fcpbundle/10-12-14/Original Media,Clip #12.mov,10941053
/Users/eddiedickey/Feb2020/Movies/Tommy Football 2014.fcpbundle/10-12-14/Original Media,Clip #10.mov,16453635
/Users/eddiedickey/Feb2020/Movies/Tommy Football 2014.fcpbundle/10-12-14/Original Media,Clip #11.mov,25792879
/Users/eddiedickey/Feb2020/Movies/Tommy Football 2014.fcpbundle/10-12-14/Original Media,Clip #9.mov,26577468
/Users/eddiedickey/Feb2020/Movies/Tommy Football 2014.fcpbundle/10-12-14/Original Media,Clip #8.mov,18825824
/Users/eddiedickey/Feb2020/Movies/Rugby.fcpbundle/2-5-15/Transcoded Media/High Quality Media,HDV_0266.mov,94879930
/Users/eddiedickey/Feb2020/Movies/Rugby.fcpbundle/2-5-15/Transcoded Media/High Quality Media,HDV_0267.mov,80047638
/Users/eddiedickey/Feb2020/Movies/Rugby.fcpbundle/2-5-15/Transcoded Media/High Quality Media,HDV_0259.mov,196434914
/Users/eddiedickey/Feb2020/Movies/Rugby.fcpbundle/2-5-15/Transcoded Media/High Quality Media,HDV_0265.mov,50545894
/Users/eddiedickey/Feb2020/Movies/Rugby.fcpbundle/2-5-15/Transcoded Media/High Quality Media,HDV_0270.mov,164163474
/Users/eddiedickey/Feb2020/Movies/Rugby.fcpbundle/2-5-15/Transcoded Media/High Quality Media,HDV_0264.mov,94811106
/Users/eddiedickey/Feb2020/Movies/Rugby.fcpbundle/2-5-15/Transcoded Media/High Quality Media,HDV_0258.mov,240531686
/Users/eddiedickey/Feb2020/Movies/Rugby.fcpbundle/2-5-15/Transcoded Media/High Quality Media,HDV_0260.mov,1366611370
/Users/eddiedickey/Feb2020/Movies/Rugby.fcpbundle/2-5-15/Transcoded Media/High Quality Media,HDV_0261.mov,231301746
/Users/eddiedickey/Feb2020/Movies/Rugby.fcpbundle/2-5-15/Transcoded Media/High Quality Media,HDV_0263.mov,241851178
/Users/eddiedickey/Feb2020/Movies/Rugby.fcpbundle/2-5-15/Transcoded Media/High Quality Media,HDV_0262.mov,148377050
/Users/eddiedickey/Feb2020/Movies/Rugby.fcpbundle/2-5-15/Transcoded Media/High Quality Media,HDV_0255.mov,1134676598
/Users/eddiedickey/Feb2020/Movies/Rugby.fcpbundle/2-5-15/Transcoded Media/High Quality Media,HDV_0269.mov,212646942
/Users/eddiedickey/Feb2020/Movies/Rugby.fcpbundle/2-5-15/Transcoded Media/High Quality Media,HDV_0268.mov,459400010
/Users/eddiedickey/Feb2020/Movies/Rugby.fcpbundle/2-5-15/Transcoded Media/High Quality Media,HDV_0256.mov,560844514
/Users/eddiedickey/Feb2020/Movies/Rugby.fcpbundle/2-5-15/Transcoded Media/High Quality Media,HDV_0257.mov,628769566
/Users/eddiedickey/Feb2020/Movies/Rugby.fcpbundle/2-5-15/Original Media,HDV_0265.mp4,5775436
/Users/eddiedickey/Feb2020/Movies/Rugby.fcpbundle/2-5-15/Original Media,HDV_0259.mp4,22651000
/Users/eddiedickey/Feb2020/Movies/Rugby.fcpbundle/2-5-15/Original Media,HDV_0258.mp4,28116014
/Users/eddiedickey/Feb2020/Movies/Rugby.fcpbundle/2-5-15/Original Media,HDV_0264.mp4,11144195
/Users/eddiedickey/Feb2020/Movies/Rugby.fcpbundle/2-5-15/Original Media,HDV_0270.mp4,19170634
/Users/eddiedickey/Feb2020/Movies/Rugby.fcpbundle/2-5-15/Original Media,HDV_0266.mp4,10871171
/Users/eddiedickey/Feb2020/Movies/Rugby.fcpbundle/2-5-15/Original Media,HDV_0267.mp4,9319769
/Users/eddiedickey/Feb2020/Movies/Rugby.fcpbundle/2-5-15/Original Media,HDV_0263.mp4,28220040
/Users/eddiedickey/Feb2020/Movies/Rugby.fcpbundle/2-5-15/Original Media,HDV_0262.mp4,17223903
/Users/eddiedickey/Feb2020/Movies/Rugby.fcpbundle/2-5-15/Original Media,HDV_0260.mp4,156691703
/Users/eddiedickey/Feb2020/Movies/Rugby.fcpbundle/2-5-15/Original Media,HDV_0261.mp4,26834128
/Users/eddiedickey/Feb2020/Movies/Rugby.fcpbundle/2-5-15/Original Media,HDV_0256.mp4,65320526
/Users/eddiedickey/Feb2020/Movies/Rugby.fcpbundle/2-5-15/Original Media,HDV_0257.mp4,73146352
/Users/eddiedickey/Feb2020/Movies/Rugby.fcpbundle/2-5-15/Original Media,HDV_0269.mp4,24765891
/Users/eddiedickey/Feb2020/Movies/Rugby.fcpbundle/2-5-15/Original Media,HDV_0255.mp4,130933467
/Users/eddiedickey/Feb2020/Movies/Rugby.fcpbundle/2-5-15/Original Media,HDV_0268.mp4,53323368
/Users/eddiedickey/Feb2020/Movies/Baseball.fcpbundle/Tommy's Swing Batting Cage/Original Media,2014-05-26 14_08_05 (id).mov,1442050242
/Users/eddiedickey/Feb2020/Movies/Baseball.fcpbundle/Tommy's Swing Batting Cage/Original Media,2014-05-26 14_06_59 (id).mov,57028898
/Users/eddiedickey/Feb2020/Movies/Baseball.fcpbundle/Tommy's Swing Batting Cage/Original Media,2014-05-26 14_23_00 (id).mov,62502552
/Users/eddiedickey/Feb2020/Movies/Baseball.fcpbundle/Tommy's Swing Batting Cage/Original Media,2014-05-26 14_23_49 (id).mov,19573546
/Users/eddiedickey/Feb2020/Movies/Baseball.fcpbundle/Tommy's Swing Batting Cage/Original Media,2014-05-26 14_05_57 (id).mov,89997882
/Users/eddiedickey/Feb2020/Movies/Tommy TL Freshman Football.fcpbundle/9-3-15/Transcoded Media/High Quality Media,HDV_0312.mov,353223346
/Users/eddiedickey/Feb2020/Movies/Tommy TL Freshman Football.fcpbundle/9-3-15/Transcoded Media/High Quality Media,HDV_0313.mov,1455154886
/Users/eddiedickey/Feb2020/Movies/Tommy TL Freshman Football.fcpbundle/9-3-15/Transcoded Media/High Quality Media,HDV_0311.mov,368478114
/Users/eddiedickey/Feb2020/Movies/Tommy TL Freshman Football.fcpbundle/9-3-15/Transcoded Media/High Quality Media,HDV_0310.mov,630345254
/Users/eddiedickey/Feb2020/Movies/Tommy TL Freshman Football.fcpbundle/9-3-15/Transcoded Media/High Quality Media,HDV_0314.mov,847929534
/Users/eddiedickey/Feb2020/Movies/Tommy TL Freshman Football.fcpbundle/9-3-15/Transcoded Media/High Quality Media,HDV_0315.mov,895717182
/Users/eddiedickey/Feb2020/Movies/Tommy TL Freshman Football.fcpbundle/9-3-15/Transcoded Media/High Quality Media,HDV_0317.mov,255562390
/Users/eddiedickey/Feb2020/Movies/Tommy TL Freshman Football.fcpbundle/9-3-15/Transcoded Media/High Quality Media,HDV_0316.mov,315019994
/Users/eddiedickey/Feb2020/Movies/Tommy TL Freshman Football.fcpbundle/9-3-15/Original Media,HDV_0311.mp4,43421806
/Users/eddiedickey/Feb2020/Movies/Tommy TL Freshman Football.fcpbundle/9-3-15/Original Media,HDV_0310.mp4,74187214
/Users/eddiedickey/Feb2020/Movies/Tommy TL Freshman Football.fcpbundle/9-3-15/Original Media,HDV_0312.mp4,41846639
/Users/eddiedickey/Feb2020/Movies/Tommy TL Freshman Football.fcpbundle/9-3-15/Original Media,HDV_0313.mp4,170515998
/Users/eddiedickey/Feb2020/Movies/Tommy TL Freshman Football.fcpbundle/9-3-15/Original Media,HDV_0317.mp4,30247602
/Users/eddiedickey/Feb2020/Movies/Tommy TL Freshman Football.fcpbundle/9-3-15/Original Media,HDV_0316.mp4,37823394
/Users/eddiedickey/Feb2020/Movies/Tommy TL Freshman Football.fcpbundle/9-3-15/Original Media,HDV_0314.mp4,100606908
/Users/eddiedickey/Feb2020/Movies/Tommy TL Freshman Football.fcpbundle/9-3-15/Original Media,HDV_0315.mp4,105732007
/Users/eddiedickey/Feb2020/Movies/Tommy Baseball 2015.fcpbundle/3-8-15/Transcoded Media/High Quality Media,HDV_0295.mov,549662638
/Users/eddiedickey/Feb2020/Movies/Tommy Baseball 2015.fcpbundle/3-8-15/Transcoded Media/High Quality Media,HDV_0294.mov,536852410
/Users/eddiedickey/Feb2020/Movies/Tommy Baseball 2015.fcpbundle/3-8-15/Original Media,HDV_0295.mp4,63698296
/Users/eddiedickey/Feb2020/Movies/Tommy Baseball 2015.fcpbundle/3-8-15/Original Media,HDV_0294.mp4,62015606
